Date,State,Sector,averagehourlyearnings,averageweeklyearnings,averageweeklyhours,hires,jobopenings,layoffsdischarges,numberofemployees,numberofemployeeswomen,quits,unemploymentrate
2008-01-01,USA,leisurehospitality,12.62,328.12,26.0,848.0,574.0,251.0,13542.0,7102.0,588.0,
2008-01-01,USA,manufacturing,21.69,867.6,40.0,333.0,287.0,149.0,13717.0,3954.0,191.0,
2008-01-01,USA,retailtrade,15.09,476.84,31.6,749.0,450.0,246.0,15525.5,7797.2,487.0,
2008-01-01,USA,total,,,,,,,,,,5.0
2008-01-01,USA,totalnonfarm,,,,5071.0,4624.0,1989.0,138391.0,67634.0,2847.0,
2008-01-01,USA,totalprivate,21.19,728.94,34.4,4762.0,4211.0,1885.0,116003.0,54859.0,2699.0,
2008-02-01,USA,leisurehospitality,12.69,328.67,25.9,920.0,552.0,363.0,13543.0,7102.0,560.0,
2008-02-01,USA,manufacturing,21.83,873.2,40.0,318.0,268.0,146.0,13690.0,3947.0,189.0,
2008-02-01,USA,retailtrade,15.16,479.06,31.6,748.0,390.0,269.0,15490.6,7781.0,429.0,
2008-02-01,USA,total,,,,,,,,,,4.9
2008-02-01,USA,totalnonfarm,,,,5077.0,4279.0,1995.0,138327.0,67661.0,2881.0,
2008-02-01,USA,totalprivate,21.27,729.56,34.3,4755.0,3848.0,1907.0,115910.0,54849.0,2732.0,
2008-03-01,USA,leisurehospitality,12.74,329.97,25.9,844.0,583.0,264.0,13531.0,7095.0,554.0,
2008-03-01,USA,manufacturing,21.95,882.39,40.2,317.0,256.0,136.0,13650.0,3925.0,186.0,
2008-03-01,USA,retailtrade,15.14,478.42,31.6,733.0,409.0,252.0,15479.9,7786.1,414.0,
2008-03-01,USA,total,,,,,,,,,,5.1
2008-03-01,USA,totalnonfarm,,,,4924.0,4225.0,1918.0,138257.0,67706.0,2661.0,
2008-03-01,USA,totalprivate,21.35,734.44,34.4,4592.0,3803.0,1813.0,115814.0,54858.0,2523.0,
2008-04-01,USA,leisurehospitality,12.76,330.48,25.9,848.0,549.0,269.0,13511.0,7086.0,548.0,
2008-04-01,USA,manufacturing,21.91,876.4,40.0,347.0,271.0,196.0,13589.0,3905.0,184.0,
2008-04-01,USA,retailtrade,15.18,479.69,31.6,714.0,427.0,228.0,15396.7,7769.1,470.0,
2008-04-01,USA,total,,,,,,,,,,5.0
2008-04-01,USA,totalnonfarm,,,,4948.0,4035.0,1958.0,138038.0,67685.0,2837.0,
2008-04-01,USA,totalprivate,21.38,735.47,34.4,4645.0,3613.0,1852.0,115588.0,54813.0,2690.0,
2008-05-01,USA,leisurehospitality,12.77,332.02,26.0,907.0,555.0,280.0,13498.0,7084.0,579.0,
2008-05-01,USA,manufacturing,22.05,882.0,40.0,321.0,278.0,175.0,13555.0,3889.0,162.0,
2008-05-01,USA,retailtrade,15.23,479.75,31.5,643.0,450.0,244.0,15334.0,7740.8,436.0,
2008-05-01,USA,total,,,,,,,,,,5.4
2008-05-01,USA,totalnonfarm,,,,4691.0,4194.0,1950.0,137851.0,67663.0,2607.0,
2008-05-01,USA,totalprivate,21.47,738.57,34.4,4371.0,3753.0,1848.0,115368.0,54757.0,2472.0,
2008-06-01,USA,leisurehospitality,12.79,331.26,25.9,802.0,471.0,254.0,13482.0,7078.0,547.0,
2008-06-01,USA,manufacturing,22.16,888.62,40.1,313.0,239.0,197.0,13494.0,3871.0,164.0,
2008-06-01,USA,retailtrade,15.19,480.0,31.6,741.0,376.0,349.0,15310.0,7721.2,399.0,
2008-06-01,USA,total,,,,,,,,,,5.6
2008-06-01,USA,totalnonfarm,,,,4893.0,3830.0,2172.0,137698.0,67637.0,2595.0,
2008-06-01,USA,totalprivate,21.52,738.14,34.3,4562.0,3396.0,2072.0,115181.0,54714.0,2460.0,
2008-07-01,USA,leisurehospitality,12.79,329.98,25.8,807.0,440.0,272.0,13463.0,7067.0,528.0,
2008-07-01,USA,manufacturing,22.13,882.99,39.9,255.0,238.0,164.0,13419.0,3844.0,135.0,
2008-07-01,USA,retailtrade,15.21,477.59,31.4,719.0,398.0,323.0,15270.2,7716.3,400.0,
2008-07-01,USA,total,,,,,,,,,,5.8
2008-07-01,USA,totalnonfarm,,,,4637.0,3749.0,2071.0,137498.0,67635.0,2489.0,
2008-07-01,USA,totalprivate,21.61,741.22,34.3,4332.0,3338.0,1982.0,114930.0,54668.0,2361.0,
2008-08-01,USA,leisurehospitality,12.83,331.01,25.8,838.0,431.0,351.0,13431.0,7049.0,504.0,
2008-08-01,USA,manufacturing,22.23,886.98,39.9,283.0,249.0,174.0,13348.0,3824.0,139.0,
2008-08-01,USA,retailtrade,15.27,481.01,31.5,701.0,441.0,285.0,15209.3,7682.2,438.0,
2008-08-01,USA,total,,,,,,,,,,6.1
2008-08-01,USA,totalnonfarm,,,,4682.0,3674.0,2190.0,137211.0,67489.0,2445.0,
2008-08-01,USA,totalprivate,21.7,744.31,34.3,4390.0,3289.0,2088.0,114644.0,54539.0,2297.0,
2008-09-01,USA,leisurehospitality,12.84,331.27,25.8,795.0,410.0,304.0,13379.0,7033.0,520.0,
2008-09-01,USA,manufacturing,22.26,881.5,39.6,303.0,214.0,207.0,13267.0,3799.0,145.0,
2008-09-01,USA,retailtrade,15.25,478.85,31.4,655.0,273.0,261.0,15143.5,7653.7,420.0,
2008-09-01,USA,total,,,,,,,,,,6.1
2008-09-01,USA,totalnonfarm,,,,4499.0,3222.0,2088.0,136762.0,67354.0,2468.0,
2008-09-01,USA,totalprivate,21.73,743.17,34.2,4217.0,2843.0,1989.0,114225.0,54410.0,2331.0,
2008-10-01,USA,leisurehospitality,12.8,331.52,25.9,773.0,409.0,277.0,13352.0,7011.0,494.0,
2008-10-01,USA,manufacturing,22.44,890.87,39.7,303.0,239.0,219.0,13138.0,3761.0,143.0,
2008-10-01,USA,retailtrade,15.22,476.39,31.3,658.0,455.0,311.0,15081.9,7612.6,375.0,
2008-10-01,USA,total,,,,,,,,,,6.5
2008-10-01,USA,totalnonfarm,,,,4548.0,3377.0,2250.0,136293.0,67158.0,2347.0,
2008-10-01,USA,totalprivate,21.76,746.37,34.3,4248.0,2995.0,2137.0,113744.0,54219.0,2216.0,
2008-11-01,USA,leisurehospitality,12.82,329.47,25.7,706.0,349.0,269.0,13300.0,6999.0,452.0,
2008-11-01,USA,manufacturing,22.59,890.05,39.4,243.0,189.0,221.0,13026.0,3732.0,123.0,
2008-11-01,USA,retailtrade,15.25,475.8,31.2,594.0,417.0,289.0,14953.1,7569.4,360.0,
2008-11-01,USA,total,,,,,,,,,,6.8
2008-11-01,USA,totalnonfarm,,,,4104.0,3231.0,2290.0,135543.0,67021.0,2157.0,
2008-11-01,USA,totalprivate,21.86,745.43,34.1,3830.0,2845.0,2177.0,112983.0,54072.0,2040.0,
2008-12-01,USA,leisurehospitality,12.84,328.7,25.6,738.0,348.0,329.0,13256.0,6968.0,426.0,
2008-12-01,USA,manufacturing,22.63,882.57,39.0,264.0,164.0,291.0,12842.0,3686.0,101.0,
2008-12-01,USA,retailtrade,15.28,469.1,30.7,625.0,388.0,295.0,14847.5,7533.4,379.0,
2008-12-01,USA,total,,,,,,,,,,7.3
2008-12-01,USA,totalnonfarm,,,,4348.0,3146.0,2482.0,134847.0,66805.0,2084.0,
2008-12-01,USA,totalprivate,21.94,743.77,33.9,4076.0,2817.0,2379.0,112291.0,53860.0,1958.0,
2009-01-01,USA,leisurehospitality,12.86,329.22,25.6,715.0,241.0,319.0,13222.0,6957.0,404.0,
2009-01-01,USA,manufacturing,22.76,885.36,38.9,207.0,116.0,354.0,12552.0,3589.0,112.0,
2009-01-01,USA,retailtrade,15.29,478.58,31.3,567.0,376.0,256.0,14763.8,7489.3,344.0,
2009-01-01,USA,total,,,,,,,,,,7.8
2009-01-01,USA,totalnonfarm,,,,4095.0,2738.0,2581.0,134078.0,66559.0,1976.0,
2009-01-01,USA,totalprivate,21.96,746.64,34.0,3800.0,2379.0,2450.0,111499.0,53607.0,1871.0,
2009-02-01,USA,leisurehospitality,12.86,334.36,26.0,692.0,326.0,291.0,13193.0,6933.0,417.0,
2009-02-01,USA,manufacturing,22.9,893.1,39.0,254.0,136.0,310.0,12371.0,3539.0,99.0,
2009-02-01,USA,retailtrade,15.27,477.95,31.3,549.0,323.0,280.0,14680.6,7455.6,307.0,
2009-02-01,USA,total,,,,,,,,,,8.3
2009-02-01,USA,totalnonfarm,,,,4061.0,2864.0,2599.0,133317.0,66329.0,1952.0,
2009-02-01,USA,totalprivate,21.98,747.32,34.0,3789.0,2496.0,2448.0,110741.0,53375.0,1850.0,
2009-03-01,USA,leisurehospitality,12.88,328.44,25.5,632.0,263.0,297.0,13127.0,6906.0,384.0,
2009-03-01,USA,manufacturing,22.98,884.73,38.5,239.0,117.0,314.0,12196.0,3483.0,86.0,
2009-03-01,USA,retailtrade,15.32,476.45,31.1,537.0,297.0,257.0,14594.3,7419.9,318.0,
2009-03-01,USA,total,,,,,,,,,,8.7
2009-03-01,USA,totalnonfarm,,,,3858.0,2534.0,2575.0,132492.0,66070.0,1834.0,
2009-03-01,USA,totalprivate,22.05,745.29,33.8,3605.0,2172.0,2461.0,109932.0,53140.0,1726.0,
2009-04-01,USA,leisurehospitality,12.89,327.41,25.4,617.0,273.0,317.0,13056.0,6854.0,367.0,
2009-04-01,USA,manufacturing,23.04,891.65,38.7,210.0,88.0,303.0,12017.0,3440.0,78.0,
2009-04-01,USA,retailtrade,15.27,476.42,31.2,593.0,219.0,345.0,14530.6,7385.5,274.0,
2009-04-01,USA,total,,,,,,,,,,9.0
2009-04-01,USA,totalnonfarm,,,,3888.0,2295.0,2654.0,131821.0,65828.0,1712.0,
2009-04-01,USA,totalprivate,22.1,746.98,33.8,3515.0,1937.0,2527.0,109144.0,52861.0,1608.0,
2009-05-01,USA,leisurehospitality,12.86,327.93,25.5,678.0,296.0,271.0,13106.0,6874.0,345.0,
2009-05-01,USA,manufacturing,23.01,888.19,38.6,178.0,92.0,258.0,11850.0,3397.0,87.0,
2009-05-01,USA,retailtrade,15.36,479.23,31.2,546.0,406.0,260.0,14514.9,7369.8,262.0,
2009-05-01,USA,total,,,,,,,,,,9.4
2009-05-01,USA,totalnonfarm,,,,3758.0,2549.0,2231.0,131468.0,65708.0,1683.0,
2009-05-01,USA,totalprivate,22.12,747.66,33.8,3496.0,2275.0,2053.0,108851.0,52783.0,1579.0,
2009-06-01,USA,leisurehospitality,12.92,329.46,25.5,630.0,283.0,306.0,13076.0,6862.0,353.0,
2009-06-01,USA,manufacturing,23.02,890.87,38.7,195.0,99.0,235.0,11713.0,3360.0,88.0,
2009-06-01,USA,retailtrade,15.34,477.07,31.1,506.0,299.0,212.0,14501.7,7348.3,283.0,
2009-06-01,USA,total,,,,,,,,,,9.5
2009-06-01,USA,totalnonfarm,,,,3639.0,2503.0,2261.0,131007.0,65560.0,1685.0,
2009-06-01,USA,totalprivate,22.14,746.12,33.7,3375.0,2179.0,2085.0,108431.0,52648.0,1586.0,
2009-07-01,USA,leisurehospitality,12.97,330.74,25.5,615.0,259.0,284.0,13078.0,6848.0,337.0,
2009-07-01,USA,manufacturing,23.09,900.51,39.0,247.0,91.0,199.0,11654.0,3336.0,92.0,
2009-07-01,USA,retailtrade,15.38,478.32,31.1,507.0,196.0,230.0,14446.8,7314.7,285.0,
2009-07-01,USA,total,,,,,,,,,,9.5
2009-07-01,USA,totalnonfarm,,,,3857.0,2232.0,2267.0,130662.0,65419.0,1685.0,
2009-07-01,USA,totalprivate,22.18,749.68,33.8,3601.0,1946.0,2133.0,108141.0,52532.0,1577.0,
2009-08-01,USA,leisurehospitality,13.0,332.8,25.6,653.0,198.0,308.0,13046.0,6835.0,345.0,
2009-08-01,USA,manufacturing,23.1,905.52,39.2,240.0,116.0,175.0,11612.0,3323.0,86.0,
2009-08-01,USA,retailtrade,15.51,482.36,31.1,538.0,281.0,240.0,14438.7,7303.8,243.0,
2009-08-01,USA,total,,,,,,,,,,9.6
2009-08-01,USA,totalnonfarm,,,,3810.0,2338.0,2119.0,130472.0,65348.0,1555.0,
2009-08-01,USA,totalprivate,22.23,751.37,33.8,3529.0,2034.0,1999.0,107935.0,52454.0,1453.0,
2009-09-01,USA,leisurehospitality,13.04,333.82,25.6,630.0,286.0,276.0,13054.0,6839.0,300.0,
2009-09-01,USA,manufacturing,23.13,906.7,39.2,277.0,127.0,187.0,11580.0,3316.0,90.0,
2009-09-01,USA,retailtrade,15.48,486.07,31.4,579.0,261.0,306.0,14406.6,7289.2,263.0,
2009-09-01,USA,total,,,,,,,,,,9.8
2009-09-01,USA,totalnonfarm,,,,3944.0,2487.0,2195.0,130247.0,65239.0,1627.0,
2009-09-01,USA,totalprivate,22.27,754.95,33.9,3710.0,2200.0,2045.0,107796.0,52413.0,1526.0,
2009-10-01,USA,leisurehospitality,13.09,333.8,25.5,614.0,261.0,286.0,12995.0,6814.0,331.0,
2009-10-01,USA,manufacturing,23.11,908.22,39.3,237.0,128.0,186.0,11527.0,3298.0,80.0,
2009-10-01,USA,retailtrade,15.39,481.71,31.3,503.0,215.0,234.0,14358.2,7258.0,280.0,
2009-10-01,USA,total,,,,,,,,,,10.0
2009-10-01,USA,totalnonfarm,,,,3838.0,2406.0,2028.0,130062.0,65165.0,1660.0,
2009-10-01,USA,totalprivate,22.31,754.08,33.8,3510.0,2024.0,1929.0,107538.0,52295.0,1564.0,
2009-11-01,USA,leisurehospitality,13.16,336.9,25.6,685.0,279.0,297.0,12986.0,6806.0,371.0,
2009-11-01,USA,manufacturing,23.17,917.53,39.6,245.0,152.0,172.0,11498.0,3284.0,72.0,
2009-11-01,USA,retailtrade,15.43,481.42,31.2,533.0,241.0,214.0,14340.4,7250.0,284.0,
2009-11-01,USA,total,,,,,,,,,,9.9
2009-11-01,USA,totalnonfarm,,,,4024.0,2503.0,1913.0,130058.0,65126.0,1810.0,
2009-11-01,USA,totalprivate,22.33,756.99,33.9,3736.0,2152.0,1798.0,107525.0,52258.0,1698.0,
2009-12-01,USA,leisurehospitality,13.14,336.38,25.6,651.0,258.0,288.0,12944.0,6798.0,372.0,
2009-12-01,USA,manufacturing,23.13,918.26,39.7,246.0,181.0,158.0,11465.0,3273.0,70.0,
2009-12-01,USA,retailtrade,15.46,480.81,31.1,527.0,299.0,228.0,14309.1,7220.7,295.0,
2009-12-01,USA,total,,,,,,,,,,9.9
2009-12-01,USA,totalnonfarm,,,,4004.0,2568.0,2033.0,129808.0,65060.0,1766.0,
2009-12-01,USA,totalprivate,22.37,758.34,33.9,3753.0,2239.0,1914.0,107326.0,52209.0,1654.0,
2010-01-01,USA,leisurehospitality,13.13,336.13,25.6,663.0,279.0,274.0,12932.0,6792.0,379.0,
2010-01-01,USA,manufacturing,23.14,923.29,39.9,225.0,146.0,140.0,11447.0,3274.0,82.0,
2010-01-01,USA,retailtrade,15.47,484.21,31.3,565.0,332.0,211.0,14358.8,7237.7,256.0,
2010-01-01,USA,total,,,,,,,,,,9.8
2010-01-01,USA,totalnonfarm,,,,3904.0,2837.0,1880.0,129802.0,65085.0,1742.0,
2010-01-01,USA,totalprivate,22.41,761.94,34.0,3615.0,2432.0,1748.0,107311.0,52238.0,1639.0,
2010-02-01,USA,leisurehospitality,13.09,336.41,25.7,613.0,266.0,226.0,12927.0,6778.0,374.0,
2010-02-01,USA,manufacturing,23.23,919.91,39.6,256.0,162.0,147.0,11439.0,3268.0,105.0,
2010-02-01,USA,retailtrade,15.48,482.98,31.2,549.0,343.0,173.0,14357.8,7234.0,328.0,
2010-02-01,USA,total,,,,,,,,,,9.8
2010-02-01,USA,totalnonfarm,,,,3864.0,2666.0,1825.0,129705.0,65015.0,1844.0,
2010-02-01,USA,totalprivate,22.46,759.15,33.8,3580.0,2324.0,1702.0,107229.0,52180.0,1727.0,
2010-03-01,USA,leisurehospitality,13.09,336.41,25.7,676.0,239.0,260.0,12943.0,6785.0,367.0,
2010-03-01,USA,manufacturing,23.16,926.4,40.0,257.0,157.0,153.0,11439.0,3264.0,86.0,
2010-03-01,USA,retailtrade,15.53,484.54,31.2,669.0,348.0,303.0,14392.2,7250.4,307.0,
2010-03-01,USA,total,,,,,,,,,,9.9
2010-03-01,USA,totalnonfarm,,,,4302.0,2679.0,1924.0,129865.0,65071.0,1856.0,
2010-03-01,USA,totalprivate,22.46,763.64,34.0,3959.0,2271.0,1789.0,107347.0,52221.0,1746.0,
2010-04-01,USA,leisurehospitality,13.06,335.64,25.7,678.0,283.0,251.0,12979.0,6796.0,365.0,
2010-04-01,USA,manufacturing,23.21,933.04,40.2,278.0,176.0,135.0,11475.0,3265.0,89.0,
2010-04-01,USA,retailtrade,15.59,489.53,31.4,563.0,294.0,208.0,14388.3,7226.3,326.0,
2010-04-01,USA,total,,,,,,,,,,9.9
2010-04-01,USA,totalnonfarm,,,,4159.0,3153.0,1749.0,130120.0,65087.0,1897.0,
2010-04-01,USA,totalprivate,22.49,766.91,34.1,3820.0,2530.0,1615.0,107551.0,52213.0,1792.0,
2010-05-01,USA,leisurehospitality,13.08,337.46,25.8,641.0,312.0,240.0,13012.0,6817.0,357.0,
2010-05-01,USA,manufacturing,23.28,942.84,40.5,254.0,184.0,115.0,11511.0,3273.0,85.0,
2010-05-01,USA,retailtrade,15.49,486.39,31.4,549.0,323.0,167.0,14396.5,7212.0,324.0,
2010-05-01,USA,total,,,,,,,,,,9.6
2010-05-01,USA,totalnonfarm,,,,4420.0,2988.0,1762.0,130643.0,65304.0,1813.0,
2010-05-01,USA,totalprivate,22.51,769.84,34.2,3686.0,2603.0,1611.0,107647.0,52221.0,1714.0,
2010-06-01,USA,leisurehospitality,13.07,335.9,25.7,637.0,329.0,312.0,13034.0,6800.0,327.0,
2010-06-01,USA,manufacturing,23.22,931.12,40.1,261.0,201.0,130.0,11529.0,3268.0,98.0,
2010-06-01,USA,retailtrade,15.51,485.46,31.3,584.0,314.0,222.0,14399.4,7204.3,318.0,
2010-06-01,USA,total,,,,,,,,,,9.4
2010-06-01,USA,totalnonfarm,,,,4111.0,2801.0,2075.0,130509.0,65186.0,1911.0,
2010-06-01,USA,totalprivate,22.53,768.27,34.1,3833.0,2500.0,1721.0,107769.0,52214.0,1778.0,
2010-07-01,USA,leisurehospitality,13.08,337.46,25.8,668.0,323.0,326.0,13048.0,6808.0,336.0,
2010-07-01,USA,manufacturing,23.34,938.27,40.2,272.0,218.0,153.0,11546.0,3271.0,84.0,
2010-07-01,USA,retailtrade,15.56,490.14,31.5,585.0,324.0,212.0,14402.2,7196.6,328.0,
2010-07-01,USA,total,,,,,,,,,,9.4
2010-07-01,USA,totalnonfarm,,,,4163.0,3082.0,2166.0,130415.0,65080.0,1785.0,
2010-07-01,USA,totalprivate,22.59,772.58,34.2,3882.0,2758.0,1903.0,107846.0,52184.0,1673.0,
2010-08-01,USA,leisurehospitality,13.09,339.03,25.9,643.0,364.0,237.0,13081.0,6833.0,336.0,
2010-08-01,USA,manufacturing,23.41,943.42,40.3,270.0,183.0,144.0,11538.0,3268.0,107.0,
2010-08-01,USA,retailtrade,15.54,489.51,31.5,556.0,284.0,174.0,14414.1,7185.3,302.0,
2010-08-01,USA,total,,,,,,,,,,9.5
2010-08-01,USA,totalnonfarm,,,,4046.0,2999.0,1890.0,130416.0,65030.0,1842.0,
2010-08-01,USA,totalprivate,22.62,773.6,34.2,3780.0,2653.0,1650.0,107996.0,52232.0,1728.0,
2010-09-01,USA,leisurehospitality,13.09,337.72,25.8,668.0,317.0,232.0,13137.0,6846.0,356.0,
2010-09-01,USA,manufacturing,23.43,946.57,40.4,261.0,185.0,130.0,11549.0,3259.0,97.0,
2010-09-01,USA,retailtrade,15.57,488.9,31.4,569.0,255.0,185.0,14420.3,7180.9,317.0,
2010-09-01,USA,total,,,,,,,,,,9.5
2010-09-01,USA,totalnonfarm,,,,4034.0,2918.0,1832.0,130342.0,64957.0,1895.0,
2010-09-01,USA,totalprivate,22.67,777.58,34.3,3784.0,2582.0,1625.0,108095.0,52258.0,1768.0,
2010-10-01,USA,leisurehospitality,13.1,339.29,25.9,659.0,417.0,261.0,13127.0,6848.0,362.0,
2010-10-01,USA,manufacturing,23.47,948.19,40.4,267.0,194.0,141.0,11548.0,3249.0,99.0,
2010-10-01,USA,retailtrade,15.63,492.35,31.5,583.0,333.0,188.0,14462.1,7192.2,308.0,
2010-10-01,USA,total,,,,,,,,,,9.4
2010-10-01,USA,totalnonfarm,,,,4173.0,3235.0,1745.0,130621.0,65035.0,1846.0,
2010-10-01,USA,totalprivate,22.74,779.98,34.3,3865.0,2890.0,1646.0,108324.0,52323.0,1739.0,
2010-11-01,USA,leisurehospitality,13.09,339.03,25.9,657.0,319.0,265.0,13126.0,6848.0,364.0,
2010-11-01,USA,manufacturing,23.41,945.76,40.4,284.0,232.0,146.0,11571.0,3252.0,94.0,
2010-11-01,USA,retailtrade,15.63,490.78,31.4,566.0,327.0,222.0,14446.3,7178.5,320.0,
2010-11-01,USA,total,,,,,,,,,,9.8
2010-11-01,USA,totalnonfarm,,,,4182.0,3211.0,1849.0,130749.0,65077.0,1887.0,
2010-11-01,USA,totalprivate,22.73,777.37,34.2,3903.0,2874.0,1714.0,108462.0,52379.0,1782.0,
2010-12-01,USA,leisurehospitality,13.1,337.98,25.8,670.0,352.0,218.0,13157.0,6867.0,385.0,
2010-12-01,USA,manufacturing,23.47,948.19,40.4,274.0,197.0,130.0,11579.0,3254.0,105.0,
2010-12-01,USA,retailtrade,15.65,492.98,31.5,508.0,325.0,191.0,14444.5,7178.7,295.0,
2010-12-01,USA,total,,,,,,,,,,9.3
2010-12-01,USA,totalnonfarm,,,,4299.0,3058.0,1854.0,130830.0,65106.0,1977.0,
2010-12-01,USA,totalprivate,22.76,780.67,34.3,4013.0,2659.0,1726.0,108564.0,52419.0,1865.0,
2011-01-01,USA,leisurehospitality,13.18,340.04,25.8,641.0,366.0,247.0,13149.0,6863.0,375.0,
2011-01-01,USA,manufacturing,23.6,951.08,40.3,262.0,221.0,124.0,11606.0,3247.0,102.0,
2011-01-01,USA,retailtrade,15.71,493.29,31.4,588.0,353.0,236.0,14491.0,7192.4,248.0,
2011-01-01,USA,total,,,,,,,,,,9.1
2011-01-01,USA,totalnonfarm,,,,4000.0,3104.0,1827.0,130837.0,65113.0,1832.0,
2011-01-01,USA,totalprivate,22.87,782.15,34.2,3714.0,2766.0,1725.0,108579.0,52416.0,1709.0,
2011-02-01,USA,leisurehospitality,13.16,340.84,25.9,666.0,389.0,234.0,13188.0,6882.0,371.0,
2011-02-01,USA,manufacturing,23.5,951.75,40.5,270.0,216.0,126.0,11637.0,3248.0,96.0,
2011-02-01,USA,retailtrade,15.72,493.61,31.4,608.0,397.0,227.0,14518.2,7208.3,310.0,
2011-02-01,USA,total,,,,,,,,,,9.0
2011-02-01,USA,totalnonfarm,,,,4231.0,3226.0,1755.0,131056.0,65166.0,1958.0,
2011-02-01,USA,totalprivate,22.87,784.44,34.3,4003.0,2910.0,1647.0,108841.0,52499.0,1846.0,
2011-03-01,USA,leisurehospitality,13.18,340.04,25.8,771.0,393.0,296.0,13247.0,6912.0,382.0,
2011-03-01,USA,manufacturing,23.53,950.61,40.4,268.0,214.0,116.0,11659.0,3252.0,112.0,
2011-03-01,USA,retailtrade,15.71,494.87,31.5,620.0,351.0,226.0,14537.9,7217.7,333.0,
2011-03-01,USA,total,,,,,,,,,,9.0
2011-03-01,USA,totalnonfarm,,,,4430.0,3261.0,1794.0,131282.0,65240.0,2033.0,
2011-03-01,USA,totalprivate,22.87,784.44,34.3,4179.0,2939.0,1686.0,109090.0,52573.0,1924.0,
2011-04-01,USA,leisurehospitality,13.2,343.2,26.0,679.0,331.0,226.0,13298.0,6935.0,372.0,
2011-04-01,USA,manufacturing,23.61,953.84,40.4,267.0,231.0,119.0,11689.0,3246.0,103.0,
2011-04-01,USA,retailtrade,15.75,500.85,31.8,612.0,401.0,201.0,14602.8,7261.7,310.0,
2011-04-01,USA,total,,,,,,,,,,9.1
2011-04-01,USA,totalnonfarm,,,,4296.0,3259.0,1792.0,131597.0,65407.0,1882.0,
2011-04-01,USA,totalprivate,22.91,788.1,34.4,4028.0,2917.0,1665.0,109413.0,52736.0,1774.0,
2011-05-01,USA,leisurehospitality,13.25,341.85,25.8,655.0,319.0,289.0,13293.0,6927.0,367.0,
2011-05-01,USA,manufacturing,23.66,958.23,40.5,270.0,216.0,131.0,11697.0,3240.0,108.0,
2011-05-01,USA,retailtrade,15.82,499.91,31.6,590.0,431.0,209.0,14604.3,7246.9,334.0,
2011-05-01,USA,total,,,,,,,,,,9.0
2011-05-01,USA,totalnonfarm,,,,4261.0,3179.0,1904.0,131704.0,65369.0,1965.0,
2011-05-01,USA,totalprivate,22.97,790.17,34.4,4022.0,2880.0,1796.0,109575.0,52729.0,1835.0,
2011-06-01,USA,leisurehospitality,13.22,341.08,25.8,733.0,406.0,284.0,13343.0,6947.0,392.0,
2011-06-01,USA,manufacturing,23.66,955.86,40.4,256.0,207.0,109.0,11710.0,3239.0,111.0,
2011-06-01,USA,retailtrade,15.8,497.7,31.5,605.0,451.0,195.0,14637.7,7259.8,329.0,
2011-06-01,USA,total,,,,,,,,,,9.1
2011-06-01,USA,totalnonfarm,,,,4366.0,3455.0,1942.0,131931.0,65448.0,1923.0,
2011-06-01,USA,totalprivate,23.01,789.24,34.3,4075.0,3095.0,1834.0,109767.0,52786.0,1822.0,
2011-07-01,USA,leisurehospitality,13.22,343.72,26.0,723.0,363.0,295.0,13370.0,6967.0,381.0,
2011-07-01,USA,manufacturing,23.75,959.5,40.4,257.0,224.0,111.0,11729.0,3238.0,103.0,
2011-07-01,USA,retailtrade,15.96,504.34,31.6,608.0,437.0,197.0,14676.0,7272.1,312.0,
2011-07-01,USA,total,,,,,,,,,,9.0
2011-07-01,USA,totalnonfarm,,,,4261.0,3623.0,1845.0,131993.0,65467.0,1986.0,
2011-07-01,USA,totalprivate,23.11,794.98,34.4,4020.0,3291.0,1722.0,109944.0,52850.0,1856.0,
2011-08-01,USA,leisurehospitality,13.2,341.88,25.9,729.0,392.0,261.0,13395.0,6981.0,419.0,
2011-08-01,USA,manufacturing,23.7,957.48,40.4,262.0,232.0,119.0,11748.0,3231.0,100.0,
2011-08-01,USA,retailtrade,15.83,498.65,31.5,565.0,396.0,222.0,14677.7,7279.8,330.0,
2011-08-01,USA,total,,,,,,,,,,9.0
2011-08-01,USA,totalnonfarm,,,,4298.0,3329.0,1845.0,132125.0,65484.0,2031.0,
2011-08-01,USA,totalprivate,23.07,791.3,34.3,4057.0,3000.0,1731.0,110108.0,52922.0,1906.0,
2011-09-01,USA,leisurehospitality,13.26,343.43,25.9,749.0,428.0,311.0,13426.0,7006.0,401.0,
2011-09-01,USA,manufacturing,23.74,956.72,40.3,245.0,250.0,119.0,11752.0,3228.0,94.0,
2011-09-01,USA,retailtrade,15.8,499.28,31.6,598.0,392.0,218.0,14686.2,7281.0,323.0,
2011-09-01,USA,total,,,,,,,,,,9.0
2011-09-01,USA,totalnonfarm,,,,4429.0,3774.0,1872.0,132344.0,65564.0,2041.0,
2011-09-01,USA,totalprivate,23.11,794.98,34.4,4159.0,3377.0,1752.0,110361.0,53000.0,1925.0,
2011-10-01,USA,leisurehospitality,13.3,347.13,26.1,739.0,429.0,304.0,13464.0,7033.0,339.0,
2011-10-01,USA,manufacturing,23.84,970.29,40.7,247.0,228.0,102.0,11762.0,3225.0,108.0,
2011-10-01,USA,retailtrade,15.94,506.89,31.8,569.0,410.0,181.0,14698.8,7278.6,323.0,
2011-10-01,USA,total,,,,,,,,,,8.8
2011-10-01,USA,totalnonfarm,,,,4370.0,3619.0,1794.0,132553.0,65654.0,1997.0,
2011-10-01,USA,totalprivate,23.18,799.71,34.5,4101.0,3252.0,1701.0,110555.0,53089.0,1889.0,
2011-11-01,USA,leisurehospitality,13.31,347.39,26.1,791.0,434.0,341.0,13511.0,7053.0,378.0,
2011-11-01,USA,manufacturing,23.72,958.29,40.4,227.0,228.0,104.0,11753.0,3219.0,118.0,
2011-11-01,USA,retailtrade,16.02,507.83,31.7,581.0,497.0,241.0,14715.2,7292.6,283.0,
2011-11-01,USA,total,,,,,,,,,,8.6
2011-11-01,USA,totalnonfarm,,,,4365.0,3565.0,1912.0,132690.0,65705.0,2039.0,
2011-11-01,USA,totalprivate,23.19,797.74,34.4,4093.0,3208.0,1799.0,110719.0,53160.0,1917.0,
2011-12-01,USA,leisurehospitality,13.33,347.91,26.1,750.0,441.0,298.0,13538.0,7070.0,406.0,
2011-12-01,USA,manufacturing,23.81,966.69,40.6,268.0,243.0,111.0,11783.0,3214.0,107.0,
2011-12-01,USA,retailtrade,16.03,508.15,31.7,522.0,442.0,170.0,14707.2,7303.3,336.0,
2011-12-01,USA,total,,,,,,,,,,8.5
2011-12-01,USA,totalnonfarm,,,,4356.0,3768.0,1801.0,132888.0,65783.0,1981.0,
2011-12-01,USA,totalprivate,23.22,798.77,34.4,4062.0,3404.0,1689.0,110934.0,53250.0,1838.0,
2012-01-01,USA,leisurehospitality,13.34,349.51,26.2,776.0,453.0,302.0,13600.0,7095.0,402.0,
2012-01-01,USA,manufacturing,23.84,972.67,40.8,267.0,250.0,114.0,11820.0,3231.0,103.0,
2012-01-01,USA,retailtrade,16.03,511.36,31.9,588.0,403.0,187.0,14766.5,7337.5,308.0,
2012-01-01,USA,total,,,,,,,,,,8.3
2012-01-01,USA,totalnonfarm,,,,4457.0,3909.0,1797.0,133245.0,65954.0,2030.0,
2012-01-01,USA,totalprivate,23.26,802.47,34.5,4172.0,3561.0,1692.0,111299.0,53424.0,1900.0,
2012-02-01,USA,leisurehospitality,13.34,346.84,26.0,771.0,379.0,299.0,13641.0,7119.0,414.0,
2012-02-01,USA,manufacturing,23.83,972.26,40.8,264.0,243.0,109.0,11841.0,3231.0,108.0,
2012-02-01,USA,retailtrade,16.08,512.95,31.9,578.0,389.0,194.0,14760.1,7330.2,342.0,
2012-02-01,USA,total,,,,,,,,,,8.3
2012-02-01,USA,totalnonfarm,,,,4560.0,3616.0,1903.0,133508.0,66065.0,2130.0,
2012-02-01,USA,totalprivate,23.28,803.16,34.5,4260.0,3221.0,1795.0,111561.0,53543.0,1991.0,
2012-03-01,USA,leisurehospitality,13.35,348.44,26.1,860.0,447.0,300.0,13706.0,7140.0,444.0,
2012-03-01,USA,manufacturing,23.86,971.1,40.7,277.0,316.0,104.0,11880.0,3244.0,110.0,
2012-03-01,USA,retailtrade,16.09,513.27,31.9,588.0,448.0,183.0,14776.3,7327.9,330.0,
2012-03-01,USA,total,,,,,,,,,,8.2
2012-03-01,USA,totalnonfarm,,,,4575.0,3979.0,1784.0,133748.0,66157.0,2167.0,
2012-03-01,USA,totalprivate,23.36,805.92,34.5,4279.0,3582.0,1669.0,111805.0,53639.0,2033.0,
2012-04-01,USA,leisurehospitality,13.37,348.96,26.1,758.0,481.0,279.0,13709.0,7155.0,437.0,
2012-04-01,USA,manufacturing,23.9,975.12,40.8,262.0,248.0,111.0,11897.0,3253.0,113.0,
2012-04-01,USA,retailtrade,16.17,510.97,31.6,587.0,384.0,187.0,14784.0,7327.6,341.0,
2012-04-01,USA,total,,,,,,,,,,8.2
2012-04-01,USA,totalnonfarm,,,,4389.0,3793.0,1880.0,133825.0,66196.0,2134.0,
2012-04-01,USA,totalprivate,23.38,804.27,34.4,4098.0,3426.0,1766.0,111894.0,53690.0,1994.0,
2012-05-01,USA,leisurehospitality,13.33,346.58,26.0,737.0,458.0,273.0,13705.0,7171.0,437.0,
2012-05-01,USA,manufacturing,23.81,966.69,40.6,253.0,302.0,100.0,11908.0,3256.0,110.0,
2012-05-01,USA,retailtrade,16.19,509.99,31.5,591.0,372.0,215.0,14791.9,7349.6,334.0,
2012-05-01,USA,total,,,,,,,,,,8.2
2012-05-01,USA,totalnonfarm,,,,4533.0,3835.0,1969.0,133933.0,66299.0,2138.0,
2012-05-01,USA,totalprivate,23.41,805.3,34.4,4228.0,3438.0,1832.0,112022.0,53804.0,1999.0,
2012-06-01,USA,leisurehospitality,13.39,349.48,26.1,722.0,483.0,244.0,13702.0,7183.0,454.0,
2012-06-01,USA,manufacturing,23.89,972.32,40.7,274.0,301.0,138.0,11918.0,3259.0,112.0,
2012-06-01,USA,retailtrade,16.33,516.03,31.6,590.0,377.0,215.0,14772.6,7352.6,343.0,
2012-06-01,USA,total,,,,,,,,,,8.2
2012-06-01,USA,totalnonfarm,,,,4440.0,3911.0,1892.0,134012.0,66325.0,2152.0,
2012-06-01,USA,totalprivate,23.46,807.02,34.4,4121.0,3524.0,1780.0,112082.0,53831.0,2028.0,
2012-07-01,USA,leisurehospitality,13.4,349.74,26.1,752.0,489.0,258.0,13735.0,7196.0,431.0,
2012-07-01,USA,manufacturing,23.9,972.73,40.7,248.0,257.0,106.0,11944.0,3261.0,102.0,
2012-07-01,USA,retailtrade,16.33,514.4,31.5,584.0,416.0,196.0,14762.5,7362.5,339.0,
2012-07-01,USA,total,,,,,,,,,,8.2
2012-07-01,USA,totalnonfarm,,,,4327.0,3735.0,1722.0,134157.0,66408.0,2072.0,
2012-07-01,USA,totalprivate,23.49,808.06,34.4,4032.0,3356.0,1616.0,112244.0,53917.0,1945.0,
2012-08-01,USA,leisurehospitality,13.38,347.88,26.0,802.0,423.0,311.0,13804.0,7215.0,388.0,
2012-08-01,USA,manufacturing,23.88,969.53,40.6,233.0,267.0,101.0,11940.0,3260.0,110.0,
2012-08-01,USA,retailtrade,16.32,514.08,31.5,617.0,483.0,255.0,14773.7,7369.3,328.0,
2012-08-01,USA,total,,,,,,,,,,8.1
2012-08-01,USA,totalnonfarm,,,,4450.0,3809.0,1894.0,134338.0,66467.0,2069.0,
2012-08-01,USA,totalprivate,23.49,808.06,34.4,4136.0,3389.0,1780.0,112422.0,53981.0,1940.0,
2012-09-01,USA,leisurehospitality,13.4,349.74,26.1,722.0,422.0,257.0,13872.0,7229.0,389.0,
2012-09-01,USA,manufacturing,23.92,971.15,40.6,229.0,248.0,102.0,11934.0,3255.0,107.0,
2012-09-01,USA,retailtrade,16.38,515.97,31.5,612.0,496.0,209.0,14801.0,7381.8,325.0,
2012-09-01,USA,total,,,,,,,,,,7.8
2012-09-01,USA,totalnonfarm,,,,4302.0,3882.0,1805.0,134517.0,66547.0,1950.0,
2012-09-01,USA,totalprivate,23.57,810.81,34.4,4022.0,3500.0,1717.0,112592.0,54076.0,1832.0,
2012-10-01,USA,leisurehospitality,13.37,347.62,26.0,762.0,483.0,289.0,13883.0,7240.0,413.0,
2012-10-01,USA,manufacturing,23.89,969.93,40.6,250.0,270.0,119.0,11941.0,3253.0,105.0,
2012-10-01,USA,retailtrade,16.4,514.96,31.4,604.0,305.0,216.0,14817.1,7401.5,327.0,
2012-10-01,USA,total,,,,,,,,,,7.8
2012-10-01,USA,totalnonfarm,,,,4389.0,3775.0,1891.0,134668.0,66606.0,2035.0,
2012-10-01,USA,totalprivate,23.56,810.46,34.4,4120.0,3394.0,1788.0,112765.0,54143.0,1902.0,
2012-11-01,USA,leisurehospitality,13.41,348.66,26.0,720.0,499.0,269.0,13910.0,7255.0,411.0,
2012-11-01,USA,manufacturing,23.97,973.18,40.6,247.0,254.0,125.0,11930.0,3246.0,106.0,
2012-11-01,USA,retailtrade,16.35,516.66,31.6,617.0,469.0,177.0,14895.5,7418.2,322.0,
2012-11-01,USA,total,,,,,,,,,,7.7
2012-11-01,USA,totalnonfarm,,,,4489.0,3878.0,1921.0,134825.0,66673.0,2078.0,
2012-11-01,USA,totalprivate,23.63,812.87,34.4,4213.0,3513.0,1828.0,112942.0,54213.0,1939.0,
2012-12-01,USA,leisurehospitality,13.39,349.48,26.1,814.0,481.0,297.0,13978.0,7280.0,420.0,
2012-12-01,USA,manufacturing,24.06,979.24,40.7,234.0,250.0,99.0,11939.0,3244.0,109.0,
2012-12-01,USA,retailtrade,16.48,517.47,31.4,593.0,507.0,219.0,14865.1,7429.9,324.0,
2012-12-01,USA,total,,,,,,,,,,7.9
2012-12-01,USA,totalnonfarm,,,,4452.0,3970.0,1700.0,135074.0,66791.0,2051.0,
2012-12-01,USA,totalprivate,23.72,818.34,34.5,4162.0,3563.0,1607.0,113187.0,54323.0,1920.0,
2013-01-01,USA,leisurehospitality,13.4,348.4,26.0,805.0,470.0,259.0,14037.0,7301.0,456.0,
2013-01-01,USA,manufacturing,24.03,975.62,40.6,247.0,252.0,108.0,11962.0,3250.0,100.0,
2013-01-01,USA,retailtrade,16.51,518.41,31.4,615.0,473.0,192.0,14887.8,7432.4,394.0,
2013-01-01,USA,total,,,,,,,,,,8.0
2013-01-01,USA,totalnonfarm,,,,4487.0,3923.0,1678.0,135257.0,66869.0,2280.0,
2013-01-01,USA,totalprivate,23.75,817.0,34.4,4204.0,3467.0,1581.0,113388.0,54403.0,2149.0,
2013-02-01,USA,leisurehospitality,13.41,350.0,26.1,792.0,520.0,244.0,14082.0,7333.0,484.0,
2013-02-01,USA,manufacturing,24.12,984.1,40.8,246.0,283.0,108.0,11974.0,3250.0,108.0,
2013-02-01,USA,retailtrade,16.52,522.03,31.6,668.0,402.0,200.0,14912.7,7442.7,356.0,
2013-02-01,USA,total,,,,,,,,,,7.7
2013-02-01,USA,totalnonfarm,,,,4571.0,4004.0,1664.0,135545.0,66971.0,2298.0,
2013-02-01,USA,totalprivate,23.77,820.07,34.5,4275.0,3584.0,1567.0,113664.0,54492.0,2169.0,
2013-03-01,USA,leisurehospitality,13.43,351.87,26.2,805.0,514.0,283.0,14113.0,7350.0,447.0,
2013-03-01,USA,manufacturing,24.14,984.91,40.8,221.0,257.0,102.0,11977.0,3247.0,97.0,
2013-03-01,USA,retailtrade,16.56,526.61,31.8,562.0,472.0,207.0,14912.3,7459.3,330.0,
2013-03-01,USA,total,,,,,,,,,,7.5
2013-03-01,USA,totalnonfarm,,,,4369.0,4076.0,1787.0,135689.0,67073.0,2124.0,
2013-03-01,USA,totalprivate,23.8,821.1,34.5,4100.0,3681.0,1664.0,113819.0,54597.0,1999.0,
2013-04-01,USA,leisurehospitality,13.44,349.44,26.0,859.0,478.0,329.0,14152.0,7366.0,449.0,
2013-04-01,USA,manufacturing,24.21,987.77,40.8,244.0,243.0,109.0,11978.0,3247.0,117.0,
2013-04-01,USA,retailtrade,16.57,521.96,31.5,630.0,534.0,202.0,14922.3,7484.4,362.0,
2013-04-01,USA,total,,,,,,,,,,7.6
2013-04-01,USA,totalnonfarm,,,,4572.0,3988.0,1793.0,135873.0,67194.0,2296.0,
2013-04-01,USA,totalprivate,23.87,821.13,34.4,4282.0,3566.0,1705.0,114004.0,54719.0,2143.0,
2013-05-01,USA,leisurehospitality,13.46,349.96,26.0,811.0,469.0,272.0,14193.0,7382.0,446.0,
2013-05-01,USA,manufacturing,24.3,989.01,40.7,275.0,248.0,121.0,11978.0,3248.0,118.0,
2013-05-01,USA,retailtrade,16.56,521.64,31.5,645.0,558.0,236.0,14953.8,7506.5,321.0,
2013-05-01,USA,total,,,,,,,,,,7.5
2013-05-01,USA,totalnonfarm,,,,4663.0,4145.0,1836.0,136095.0,67281.0,2234.0,
2013-05-01,USA,totalprivate,23.89,824.21,34.5,4376.0,3736.0,1734.0,114231.0,54815.0,2100.0,
2013-06-01,USA,leisurehospitality,13.47,350.22,26.0,810.0,489.0,287.0,14252.0,7415.0,429.0,
2013-06-01,USA,manufacturing,24.35,993.48,40.8,235.0,216.0,103.0,11982.0,3249.0,109.0,
2013-06-01,USA,retailtrade,16.6,522.9,31.5,620.0,634.0,199.0,15001.3,7531.4,331.0,
2013-06-01,USA,total,,,,,,,,,,7.5
2013-06-01,USA,totalnonfarm,,,,4440.0,4150.0,1761.0,136279.0,67351.0,2203.0,
2013-06-01,USA,totalprivate,23.96,826.62,34.5,4196.0,3749.0,1667.0,114439.0,54911.0,2077.0,
2013-07-01,USA,leisurehospitality,13.51,349.91,25.9,792.0,503.0,279.0,14288.0,7441.0,452.0,
2013-07-01,USA,manufacturing,24.35,991.05,40.7,235.0,221.0,114.0,11962.0,3250.0,118.0,
2013-07-01,USA,retailtrade,16.6,522.9,31.5,634.0,488.0,195.0,15046.1,7557.6,349.0,
2013-07-01,USA,total,,,,,,,,,,7.3
2013-07-01,USA,totalnonfarm,,,,4561.0,3885.0,1713.0,136391.0,67452.0,2363.0,
2013-07-01,USA,totalprivate,23.98,824.91,34.4,4291.0,3509.0,1616.0,114576.0,55011.0,2229.0,
2013-08-01,USA,leisurehospitality,13.53,351.78,26.0,772.0,523.0,281.0,14327.0,7452.0,424.0,
2013-08-01,USA,manufacturing,24.4,997.96,40.9,266.0,285.0,109.0,11992.0,3251.0,105.0,
2013-08-01,USA,retailtrade,16.69,525.74,31.5,700.0,484.0,192.0,15091.6,7588.1,414.0,
2013-08-01,USA,total,,,,,,,,,,7.2
2013-08-01,USA,totalnonfarm,,,,4730.0,4085.0,1816.0,136646.0,67595.0,2316.0,
2013-08-01,USA,totalprivate,24.02,828.69,34.5,4430.0,3692.0,1727.0,114815.0,55139.0,2189.0,
2013-09-01,USA,leisurehospitality,13.55,352.3,26.0,826.0,550.0,354.0,14339.0,7462.0,444.0,
2013-09-01,USA,manufacturing,24.47,1000.82,40.9,261.0,268.0,99.0,12010.0,3256.0,114.0,
2013-09-01,USA,retailtrade,16.65,521.15,31.3,679.0,530.0,198.0,15119.1,7606.7,405.0,
2013-09-01,USA,total,,,,,,,,,,7.2
2013-09-01,USA,totalnonfarm,,,,4726.0,4128.0,1892.0,136821.0,67692.0,2302.0,
2013-09-01,USA,totalprivate,24.06,827.66,34.4,4433.0,3732.0,1781.0,114986.0,55225.0,2179.0,
2013-10-01,USA,leisurehospitality,13.57,352.82,26.0,803.0,540.0,211.0,14395.0,7490.0,522.0,
2013-10-01,USA,manufacturing,24.46,1000.41,40.9,231.0,294.0,85.0,12033.0,3263.0,106.0,
2013-10-01,USA,retailtrade,16.67,520.1,31.2,691.0,530.0,223.0,15146.2,7624.3,389.0,
2013-10-01,USA,total,,,,,,,,,,7.2
2013-10-01,USA,totalnonfarm,,,,4518.0,4222.0,1675.0,137041.0,67761.0,2372.0,
2013-10-01,USA,totalprivate,24.09,828.7,34.4,4237.0,3827.0,1567.0,115211.0,55295.0,2242.0,
2013-11-01,USA,leisurehospitality,13.6,352.24,25.9,789.0,543.0,235.0,14432.0,7517.0,483.0,
2013-11-01,USA,manufacturing,24.57,1004.91,40.9,259.0,316.0,91.0,12054.0,3275.0,121.0,
2013-11-01,USA,retailtrade,16.68,518.75,31.1,713.0,508.0,223.0,15175.8,7642.7,406.0,
2013-11-01,USA,total,,,,,,,,,,6.9
2013-11-01,USA,totalnonfarm,,,,4622.0,4119.0,1630.0,137316.0,67902.0,2391.0,
2013-11-01,USA,totalprivate,24.16,831.1,34.4,4326.0,3714.0,1538.0,115473.0,55434.0,2264.0,
2013-12-01,USA,leisurehospitality,13.66,352.43,25.8,800.0,585.0,277.0,14454.0,7539.0,456.0,
2013-12-01,USA,manufacturing,24.59,1008.19,41.0,248.0,294.0,99.0,12060.0,3276.0,114.0,
2013-12-01,USA,retailtrade,16.64,519.17,31.2,750.0,525.0,238.0,15231.0,7697.5,356.0,
2013-12-01,USA,total,,,,,,,,,,6.7
2013-12-01,USA,totalnonfarm,,,,4614.0,4121.0,1770.0,137373.0,67973.0,2287.0,
2013-12-01,USA,totalprivate,24.18,831.79,34.4,4333.0,3775.0,1674.0,115553.0,55517.0,2149.0,
2014-01-01,USA,leisurehospitality,13.69,355.94,26.0,834.0,596.0,314.0,14489.0,7542.0,464.0,
2014-01-01,USA,manufacturing,24.66,1003.66,40.7,243.0,261.0,114.0,12058.0,3274.0,114.0,
2014-01-01,USA,retailtrade,16.73,520.3,31.1,620.0,528.0,222.0,15214.9,7660.7,404.0,
2014-01-01,USA,total,,,,,,,,,,6.6
2014-01-01,USA,totalnonfarm,,,,4626.0,4127.0,1806.0,137561.0,67978.0,2311.0,
2014-01-01,USA,totalprivate,24.23,833.51,34.4,4336.0,3738.0,1712.0,115747.0,55527.0,2179.0,
2014-02-01,USA,leisurehospitality,13.73,354.23,25.8,853.0,558.0,291.0,14509.0,7546.0,529.0,
2014-02-01,USA,manufacturing,24.71,1005.7,40.7,241.0,286.0,79.0,12084.0,3286.0,110.0,
2014-02-01,USA,retailtrade,16.81,519.43,30.9,718.0,630.0,219.0,15189.6,7642.9,410.0,
2014-02-01,USA,total,,,,,,,,,,6.7
2014-02-01,USA,totalnonfarm,,,,4696.0,4373.0,1767.0,137712.0,68043.0,2411.0,
2014-02-01,USA,totalprivate,24.33,834.52,34.3,4405.0,3971.0,1677.0,115887.0,55590.0,2276.0,
2014-03-01,USA,leisurehospitality,13.75,360.25,26.2,833.0,571.0,246.0,14564.0,7576.0,497.0,
2014-03-01,USA,manufacturing,24.71,1013.11,41.0,257.0,282.0,94.0,12096.0,3287.0,121.0,
2014-03-01,USA,retailtrade,16.88,528.34,31.3,709.0,665.0,223.0,15217.9,7653.4,410.0,
2014-03-01,USA,total,,,,,,,,,,6.7
2014-03-01,USA,totalnonfarm,,,,4763.0,4388.0,1703.0,137985.0,68160.0,2449.0,
2014-03-01,USA,totalprivate,24.31,838.7,34.5,4456.0,3962.0,1600.0,116152.0,55693.0,2312.0,
2014-04-01,USA,leisurehospitality,13.76,360.51,26.2,864.0,662.0,276.0,14614.0,7599.0,506.0,
2014-04-01,USA,manufacturing,24.68,1009.41,40.9,252.0,275.0,117.0,12109.0,3291.0,107.0,
2014-04-01,USA,retailtrade,16.94,531.92,31.4,793.0,652.0,252.0,15255.9,7679.0,422.0,
2014-04-01,USA,total,,,,,,,,,,6.2
2014-04-01,USA,totalnonfarm,,,,4880.0,4566.0,1764.0,138297.0,68312.0,2474.0,
2014-04-01,USA,totalprivate,24.34,839.73,34.5,4582.0,4131.0,1682.0,116444.0,55827.0,2333.0,
2014-05-01,USA,leisurehospitality,13.83,360.96,26.1,902.0,710.0,334.0,14670.0,7626.0,459.0,
2014-05-01,USA,manufacturing,24.71,1015.58,41.1,251.0,294.0,94.0,12120.0,3292.0,117.0,
2014-05-01,USA,retailtrade,16.97,529.46,31.2,754.0,625.0,216.0,15265.1,7684.1,436.0,
2014-05-01,USA,total,,,,,,,,,,6.3
2014-05-01,USA,totalnonfarm,,,,4808.0,4747.0,1710.0,138512.0,68404.0,2483.0,
2014-05-01,USA,totalprivate,24.4,841.8,34.5,4522.0,4307.0,1623.0,116680.0,55922.0,2342.0,
2014-06-01,USA,leisurehospitality,13.9,362.79,26.1,909.0,674.0,337.0,14693.0,7622.0,513.0,
2014-06-01,USA,manufacturing,24.82,1020.1,41.1,266.0,318.0,112.0,12146.0,3296.0,108.0,
2014-06-01,USA,retailtrade,17.0,532.1,31.3,749.0,634.0,214.0,15306.0,7693.0,436.0,
2014-06-01,USA,total,,,,,,,,,,6.1
2014-06-01,USA,totalnonfarm,,,,4925.0,4982.0,1761.0,138849.0,68504.0,2507.0,
2014-06-01,USA,totalprivate,24.46,843.87,34.5,4600.0,4468.0,1660.0,116954.0,56014.0,2389.0,
2014-07-01,USA,leisurehospitality,13.93,363.57,26.1,876.0,630.0,318.0,14703.0,7633.0,517.0,
2014-07-01,USA,manufacturing,24.83,1015.55,40.9,267.0,296.0,89.0,12165.0,3295.0,132.0,
2014-07-01,USA,retailtrade,17.03,533.04,31.3,758.0,601.0,220.0,15329.1,7704.8,456.0,
2014-07-01,USA,total,,,,,,,,,,6.2
2014-07-01,USA,totalnonfarm,,,,5008.0,4846.0,1781.0,139073.0,68579.0,2633.0,
2014-07-01,USA,totalprivate,24.48,844.56,34.5,4721.0,4371.0,1698.0,117172.0,56093.0,2493.0,
2014-08-01,USA,leisurehospitality,13.98,367.67,26.3,847.0,705.0,258.0,14725.0,7654.0,544.0,
2014-08-01,USA,manufacturing,24.87,1019.67,41.0,243.0,322.0,83.0,12182.0,3309.0,115.0,
2014-08-01,USA,retailtrade,17.04,535.06,31.4,712.0,840.0,214.0,15338.0,7708.8,412.0,
2014-08-01,USA,total,,,,,,,,,,6.1
2014-08-01,USA,totalnonfarm,,,,4810.0,5349.0,1699.0,139269.0,68668.0,2549.0,
2014-08-01,USA,totalprivate,24.54,849.08,34.6,4542.0,4911.0,1616.0,117414.0,56205.0,2397.0,
2014-09-01,USA,leisurehospitality,14.03,367.59,26.2,919.0,708.0,305.0,14768.0,7679.0,549.0,
2014-09-01,USA,manufacturing,24.81,1017.21,41.0,288.0,310.0,107.0,12201.0,3318.0,135.0,
2014-09-01,USA,retailtrade,17.05,535.37,31.4,726.0,589.0,212.0,15367.6,7734.3,421.0,
2014-09-01,USA,total,,,,,,,,,,5.9
2014-09-01,USA,totalnonfarm,,,,5149.0,4914.0,1718.0,139563.0,68833.0,2732.0,
2014-09-01,USA,totalprivate,24.55,846.98,34.5,4815.0,4446.0,1638.0,117666.0,56323.0,2572.0,
2014-10-01,USA,leisurehospitality,14.08,368.9,26.2,893.0,671.0,257.0,14811.0,7702.0,586.0,
2014-10-01,USA,manufacturing,24.89,1020.49,41.0,296.0,294.0,108.0,12233.0,3325.0,131.0,
2014-10-01,USA,retailtrade,17.08,536.31,31.4,780.0,598.0,212.0,15404.8,7748.0,447.0,
2014-10-01,USA,total,,,,,,,,,,5.7
2014-10-01,USA,totalnonfarm,,,,5111.0,5012.0,1835.0,139797.0,68947.0,2718.0,
2014-10-01,USA,totalprivate,24.58,850.47,34.6,4806.0,4577.0,1755.0,117880.0,56431.0,2565.0,
2014-11-01,USA,leisurehospitality,14.11,369.68,26.2,910.0,631.0,277.0,14849.0,7708.0,565.0,
2014-11-01,USA,manufacturing,24.91,1023.8,41.1,263.0,327.0,101.0,12260.0,3332.0,108.0,
2014-11-01,USA,retailtrade,17.17,539.14,31.4,760.0,508.0,214.0,15430.1,7766.4,442.0,
2014-11-01,USA,total,,,,,,,,,,5.8
2014-11-01,USA,totalnonfarm,,,,4978.0,4843.0,1726.0,140090.0,69089.0,2600.0,
2014-11-01,USA,totalprivate,24.66,853.24,34.6,4682.0,4372.0,1635.0,118158.0,56558.0,2464.0,
2014-12-01,USA,leisurehospitality,14.13,371.62,26.3,936.0,707.0,304.0,14892.0,7723.0,553.0,
2014-12-01,USA,manufacturing,24.9,1020.9,41.0,276.0,307.0,114.0,12266.0,3339.0,131.0,
2014-12-01,USA,retailtrade,17.03,534.74,31.4,783.0,544.0,213.0,15444.4,7801.7,440.0,
2014-12-01,USA,total,,,,,,,,,,5.6
2014-12-01,USA,totalnonfarm,,,,5192.0,5130.0,1857.0,140364.0,69253.0,2552.0,
2014-12-01,USA,totalprivate,24.63,852.2,34.6,4874.0,4626.0,1746.0,118417.0,56713.0,2411.0,
2015-01-01,USA,leisurehospitality,14.15,372.15,26.3,909.0,802.0,291.0,14915.0,7745.0,584.0,
2015-01-01,USA,manufacturing,24.97,1021.27,40.9,255.0,321.0,101.0,12265.0,3338.0,145.0,
2015-01-01,USA,retailtrade,17.3,541.49,31.3,763.0,616.0,237.0,15462.0,7787.1,450.0,
2015-01-01,USA,total,,,,,,,,,,5.7
2015-01-01,USA,totalnonfarm,,,,5061.0,5344.0,1789.0,140568.0,69338.0,2764.0,
2015-01-01,USA,totalprivate,24.75,853.88,34.5,4744.0,4818.0,1679.0,118608.0,56787.0,2622.0,
2015-02-01,USA,leisurehospitality,14.17,372.67,26.3,927.0,750.0,318.0,14972.0,7772.0,544.0,
2015-02-01,USA,manufacturing,25.02,1023.32,40.9,263.0,309.0,109.0,12275.0,3340.0,124.0,
2015-02-01,USA,retailtrade,17.33,544.16,31.4,737.0,681.0,190.0,15478.7,7800.6,410.0,
2015-02-01,USA,total,,,,,,,,,,5.5
2015-02-01,USA,totalnonfarm,,,,5127.0,5466.0,1757.0,140827.0,69473.0,2741.0,
2015-02-01,USA,totalprivate,24.8,858.08,34.6,4807.0,4950.0,1655.0,118849.0,56896.0,2592.0,
2015-03-01,USA,leisurehospitality,14.22,372.56,26.2,919.0,719.0,319.0,14981.0,7765.0,573.0,
2015-03-01,USA,manufacturing,25.08,1023.26,40.8,267.0,322.0,113.0,12286.0,3345.0,122.0,
2015-03-01,USA,retailtrade,17.27,540.55,31.3,762.0,527.0,228.0,15509.6,7817.2,459.0,
2015-03-01,USA,total,,,,,,,,,,5.4
2015-03-01,USA,totalnonfarm,,,,5126.0,5210.0,1973.0,140923.0,69537.0,2754.0,
2015-03-01,USA,totalprivate,24.85,857.33,34.5,4797.0,4709.0,1853.0,118953.0,56972.0,2599.0,
2015-04-01,USA,leisurehospitality,14.26,373.61,26.2,953.0,720.0,359.0,15023.0,7790.0,545.0,
2015-04-01,USA,manufacturing,25.1,1024.08,40.8,261.0,323.0,99.0,12291.0,3345.0,139.0,
2015-04-01,USA,retailtrade,17.36,543.37,31.3,748.0,589.0,222.0,15522.1,7803.9,442.0,
2015-04-01,USA,total,,,,,,,,,,5.4
2015-04-01,USA,totalnonfarm,,,,5196.0,5598.0,1856.0,141196.0,69656.0,2705.0,
2015-04-01,USA,totalprivate,24.89,858.71,34.5,4847.0,5077.0,1742.0,119191.0,57074.0,2558.0,
2015-05-01,USA,leisurehospitality,14.3,374.66,26.2,966.0,703.0,312.0,15103.0,7844.0,534.0,
2015-05-01,USA,manufacturing,25.14,1023.2,40.7,257.0,324.0,89.0,12306.0,3349.0,126.0,
2015-05-01,USA,retailtrade,17.39,546.05,31.4,770.0,543.0,225.0,15557.3,7834.0,451.0,
2015-05-01,USA,total,,,,,,,,,,5.6
2015-05-01,USA,totalnonfarm,,,,5142.0,5563.0,1711.0,141538.0,69833.0,2743.0,
2015-05-01,USA,totalprivate,24.97,861.47,34.5,4819.0,5040.0,1602.0,119526.0,57238.0,2593.0,
2015-06-01,USA,leisurehospitality,14.3,376.09,26.3,918.0,666.0,274.0,15108.0,7846.0,597.0,
2015-06-01,USA,manufacturing,25.12,1019.87,40.6,268.0,291.0,106.0,12307.0,3357.0,138.0,
2015-06-01,USA,retailtrade,17.42,545.25,31.3,763.0,572.0,216.0,15567.8,7845.1,461.0,
2015-06-01,USA,total,,,,,,,,,,5.3
2015-06-01,USA,totalnonfarm,,,,5125.0,5248.0,1821.0,141709.0,69961.0,2756.0,
2015-06-01,USA,totalprivate,24.97,861.47,34.5,4789.0,4778.0,1700.0,119694.0,57358.0,2592.0,
2015-07-01,USA,leisurehospitality,14.31,374.92,26.2,955.0,761.0,237.0,15168.0,7866.0,606.0,
2015-07-01,USA,manufacturing,25.21,1028.57,40.8,266.0,336.0,108.0,12323.0,3355.0,127.0,
2015-07-01,USA,retailtrade,17.49,549.19,31.4,759.0,823.0,235.0,15582.8,7843.3,434.0,
2015-07-01,USA,total,,,,,,,,,,5.2
2015-07-01,USA,totalnonfarm,,,,5150.0,6056.0,1703.0,141991.0,70040.0,2764.0,
2015-07-01,USA,totalprivate,25.01,865.35,34.6,4798.0,5507.0,1601.0,119941.0,57427.0,2610.0,
2015-08-01,USA,leisurehospitality,14.34,375.71,26.2,1016.0,695.0,314.0,15201.0,7875.0,648.0,
2015-08-01,USA,manufacturing,25.35,1036.82,40.9,274.0,314.0,109.0,12318.0,3348.0,137.0,
2015-08-01,USA,retailtrade,17.54,552.51,31.5,748.0,661.0,214.0,15589.2,7843.1,454.0,
2015-08-01,USA,total,,,,,,,,,,5.1
2015-08-01,USA,totalnonfarm,,,,5163.0,5467.0,1773.0,142125.0,70100.0,2879.0,
2015-08-01,USA,totalprivate,25.09,868.11,34.6,4822.0,4973.0,1671.0,120065.0,57485.0,2717.0,
2015-09-01,USA,leisurehospitality,14.38,378.19,26.3,1016.0,705.0,315.0,15279.0,7909.0,607.0,
2015-09-01,USA,manufacturing,25.38,1030.43,40.6,291.0,315.0,110.0,12326.0,3347.0,144.0,
2015-09-01,USA,retailtrade,17.65,559.51,31.7,738.0,678.0,200.0,15579.8,7836.9,458.0,
2015-09-01,USA,total,,,,,,,,,,5.0
2015-09-01,USA,totalnonfarm,,,,5287.0,5488.0,1964.0,142275.0,70209.0,2778.0,
2015-09-01,USA,totalprivate,25.11,866.3,34.5,4964.0,5018.0,1847.0,120235.0,57593.0,2624.0,
2015-10-01,USA,leisurehospitality,14.43,379.51,26.3,1013.0,785.0,334.0,15316.0,7924.0,600.0,
2015-10-01,USA,manufacturing,25.41,1034.19,40.7,283.0,314.0,114.0,12334.0,3356.0,140.0,
2015-10-01,USA,retailtrade,17.68,555.15,31.4,750.0,655.0,208.0,15619.3,7861.1,451.0,
2015-10-01,USA,total,,,,,,,,,,5.0
2015-10-01,USA,totalnonfarm,,,,5338.0,5773.0,1845.0,142579.0,70359.0,2810.0,
2015-10-01,USA,totalprivate,25.2,869.4,34.5,4978.0,5246.0,1726.0,120523.0,57732.0,2643.0,
2015-11-01,USA,leisurehospitality,14.46,378.85,26.2,1027.0,764.0,300.0,15374.0,7955.0,622.0,
2015-11-01,USA,manufacturing,25.49,1037.44,40.7,271.0,298.0,111.0,12329.0,3357.0,136.0,
2015-11-01,USA,retailtrade,17.68,555.15,31.4,763.0,578.0,189.0,15625.5,7864.5,486.0,
2015-11-01,USA,total,,,,,,,,,,5.1
2015-11-01,USA,totalnonfarm,,,,5358.0,5708.0,1779.0,142808.0,70496.0,2897.0,
2015-11-01,USA,totalprivate,25.25,871.13,34.5,5007.0,5185.0,1658.0,120727.0,57861.0,2744.0,
2015-12-01,USA,leisurehospitality,14.52,381.88,26.3,1045.0,747.0,324.0,15406.0,7971.0,651.0,
2015-12-01,USA,manufacturing,25.51,1035.71,40.6,270.0,334.0,104.0,12333.0,3361.0,135.0,
2015-12-01,USA,retailtrade,17.7,552.24,31.2,781.0,642.0,201.0,15630.8,7878.7,502.0,
2015-12-01,USA,total,,,,,,,,,,5.0
2015-12-01,USA,totalnonfarm,,,,5540.0,5845.0,1803.0,143077.0,70639.0,3056.0,
2015-12-01,USA,totalprivate,25.25,871.13,34.5,5168.0,5304.0,1679.0,120980.0,57988.0,2890.0,
2016-01-01,USA,leisurehospitality,14.59,382.26,26.2,955.0,759.0,255.0,15454.0,8003.0,625.0,
2016-01-01,USA,manufacturing,25.59,1041.51,40.7,281.0,321.0,99.0,12354.0,3370.0,146.0,
2016-01-01,USA,retailtrade,17.7,554.01,31.3,749.0,719.0,203.0,15664.8,7906.2,481.0,
2016-01-01,USA,total,,,,,,,,,,4.8
2016-01-01,USA,totalnonfarm,,,,5220.0,6012.0,1805.0,143210.0,70781.0,2875.0,
2016-01-01,USA,totalprivate,25.37,877.8,34.6,4867.0,5497.0,1690.0,121096.0,58118.0,2710.0,
2016-02-01,USA,leisurehospitality,14.63,383.31,26.2,1050.0,758.0,326.0,15494.0,8027.0,651.0,
2016-02-01,USA,manufacturing,25.64,1043.55,40.7,288.0,325.0,130.0,12337.0,3369.0,152.0,
2016-02-01,USA,retailtrade,17.73,553.18,31.2,812.0,711.0,199.0,15715.1,7926.1,472.0,
2016-02-01,USA,total,,,,,,,,,,4.9
2016-02-01,USA,totalnonfarm,,,,5470.0,5770.0,1894.0,143407.0,70929.0,2994.0,
2016-02-01,USA,totalprivate,25.38,873.07,34.4,5126.0,5282.0,1787.0,121269.0,58254.0,2832.0,
2016-03-01,USA,leisurehospitality,14.67,382.89,26.1,1031.0,827.0,318.0,15535.0,8053.0,629.0,
2016-03-01,USA,manufacturing,25.74,1047.62,40.7,258.0,336.0,112.0,12313.0,3365.0,143.0,
2016-03-01,USA,retailtrade,17.8,551.8,31.0,735.0,705.0,172.0,15769.3,7948.9,475.0,
2016-03-01,USA,total,,,,,,,,,,5.0
2016-03-01,USA,totalnonfarm,,,,5359.0,6129.0,1850.0,143662.0,71098.0,2917.0,
2016-03-01,USA,totalprivate,25.45,875.48,34.4,4995.0,5633.0,1742.0,121484.0,58388.0,2753.0,
2016-04-01,USA,leisurehospitality,14.74,384.71,26.1,1007.0,763.0,282.0,15562.0,8072.0,652.0,
2016-04-01,USA,manufacturing,25.85,1052.1,40.7,278.0,387.0,110.0,12325.0,3368.0,139.0,
2016-04-01,USA,retailtrade,17.8,553.58,31.1,723.0,672.0,173.0,15767.2,7955.5,466.0,
2016-04-01,USA,total,,,,,,,,,,5.1
2016-04-01,USA,totalnonfarm,,,,5294.0,5803.0,1771.0,143855.0,71197.0,2955.0,
2016-04-01,USA,totalprivate,25.53,878.23,34.4,4952.0,5301.0,1657.0,121671.0,58482.0,2792.0,
2016-05-01,USA,leisurehospitality,14.79,386.02,26.1,1035.0,743.0,279.0,15583.0,8090.0,669.0,
2016-05-01,USA,manufacturing,25.95,1056.17,40.7,270.0,353.0,129.0,12303.0,3368.0,139.0,
2016-05-01,USA,retailtrade,17.83,552.73,31.0,706.0,722.0,198.0,15772.9,7958.5,450.0,
2016-05-01,USA,total,,,,,,,,,,4.8
2016-05-01,USA,totalnonfarm,,,,5197.0,5777.0,1825.0,143900.0,71304.0,3009.0,
2016-05-01,USA,totalprivate,25.58,879.95,34.4,4838.0,5239.0,1691.0,121701.0,58590.0,2849.0,
2016-06-01,USA,leisurehospitality,14.86,387.85,26.1,1044.0,794.0,303.0,15639.0,8123.0,655.0,
2016-06-01,USA,manufacturing,25.97,1056.98,40.7,281.0,363.0,105.0,12321.0,3375.0,136.0,
2016-06-01,USA,retailtrade,17.9,554.9,31.0,728.0,712.0,189.0,15790.0,7975.4,452.0,
2016-06-01,USA,total,,,,,,,,,,4.9
2016-06-01,USA,totalnonfarm,,,,5281.0,5742.0,1750.0,144146.0,71433.0,3018.0,
2016-06-01,USA,totalprivate,25.62,881.33,34.4,4929.0,5262.0,1646.0,121966.0,58725.0,2805.0,
2016-07-01,USA,leisurehospitality,14.92,389.41,26.1,1033.0,757.0,317.0,15679.0,8158.0,660.0,
2016-07-01,USA,manufacturing,26.0,1058.2,40.7,280.0,344.0,94.0,12342.0,3375.0,143.0,
2016-07-01,USA,retailtrade,17.86,555.45,31.1,753.0,693.0,231.0,15805.2,7990.3,460.0,
2016-07-01,USA,total,,,,,,,,,,4.8
2016-07-01,USA,totalnonfarm,,,,5426.0,5962.0,1759.0,144520.0,71685.0,2967.0,
2016-07-01,USA,totalprivate,25.69,886.31,34.5,5021.0,5375.0,1675.0,122231.0,58888.0,2811.0,
2016-08-01,USA,leisurehospitality,14.98,389.48,26.0,1043.0,803.0,327.0,15725.0,8180.0,651.0,
2016-08-01,USA,manufacturing,26.1,1062.27,40.7,263.0,326.0,106.0,12319.0,3378.0,148.0,
2016-08-01,USA,retailtrade,17.88,552.49,30.9,730.0,648.0,180.0,15822.3,7999.1,468.0,
2016-08-01,USA,total,,,,,,,,,,4.9
2016-08-01,USA,totalnonfarm,,,,5327.0,5677.0,1860.0,144662.0,71787.0,2998.0,
2016-08-01,USA,totalprivate,25.71,881.85,34.3,4977.0,5166.0,1717.0,122378.0,58995.0,2810.0,
2016-09-01,USA,leisurehospitality,15.02,393.52,26.2,965.0,739.0,220.0,15785.0,8203.0,674.0,
2016-09-01,USA,manufacturing,26.11,1062.68,40.7,282.0,326.0,110.0,12317.0,3380.0,151.0,
2016-09-01,USA,retailtrade,17.9,553.11,30.9,758.0,704.0,231.0,15829.4,7996.6,472.0,
2016-09-01,USA,total,,,,,,,,,,5.0
2016-09-01,USA,totalnonfarm,,,,5306.0,5868.0,1588.0,144967.0,71925.0,3047.0,
2016-09-01,USA,totalprivate,25.77,886.49,34.4,4912.0,5340.0,1474.0,122644.0,59129.0,2876.0,
2016-10-01,USA,leisurehospitality,15.08,392.08,26.0,973.0,760.0,270.0,15780.0,8211.0,687.0,
2016-10-01,USA,manufacturing,26.26,1071.41,40.8,286.0,299.0,94.0,12316.0,3378.0,164.0,
2016-10-01,USA,retailtrade,17.95,554.66,30.9,755.0,661.0,179.0,15830.8,7987.8,486.0,
2016-10-01,USA,total,,,,,,,,,,4.9
2016-10-01,USA,totalnonfarm,,,,5210.0,5591.0,1664.0,145066.0,71965.0,3074.0,
2016-10-01,USA,totalprivate,25.9,890.96,34.4,4895.0,5107.0,1557.0,122771.0,59181.0,2899.0,
2016-11-01,USA,leisurehospitality,15.12,394.63,26.1,1063.0,765.0,277.0,15826.0,8226.0,688.0,
2016-11-01,USA,manufacturing,26.23,1064.94,40.6,287.0,345.0,104.0,12311.0,3381.0,158.0,
2016-11-01,USA,retailtrade,18.07,556.56,30.8,634.0,626.0,183.0,15785.8,7961.3,468.0,
2016-11-01,USA,total,,,,,,,,,,4.7
2016-11-01,USA,totalnonfarm,,,,5308.0,5971.0,1751.0,145183.0,72007.0,3026.0,
2016-11-01,USA,totalprivate,25.9,890.96,34.4,4976.0,5394.0,1633.0,122906.0,59226.0,2865.0,
2016-12-01,USA,leisurehospitality,15.16,392.64,25.9,1019.0,748.0,287.0,15845.0,8240.0,669.0,
2016-12-01,USA,manufacturing,26.3,1070.41,40.7,302.0,369.0,105.0,12324.0,3389.0,162.0,
2016-12-01,USA,retailtrade,17.89,556.38,31.1,701.0,669.0,164.0,15818.6,7959.2,431.0,
2016-12-01,USA,total,,,,,,,,,,4.7
2016-12-01,USA,totalnonfarm,,,,5343.0,5964.0,1708.0,145408.0,72105.0,2989.0,
2016-12-01,USA,totalprivate,25.93,891.99,34.4,5011.0,5404.0,1621.0,123104.0,59320.0,2826.0,
2017-01-01,USA,leisurehospitality,15.22,395.72,26.0,1032.0,724.0,363.0,15874.0,8242.0,661.0,
2017-01-01,USA,manufacturing,26.36,1075.49,40.8,309.0,371.0,106.0,12334.0,3392.0,169.0,
2017-01-01,USA,retailtrade,17.97,555.27,30.9,709.0,635.0,165.0,15872.6,7956.5,478.0,
2017-01-01,USA,total,,,,,,,,,,4.7
2017-01-01,USA,totalnonfarm,,,,5499.0,5617.0,1745.0,145628.0,72182.0,3188.0,
2017-01-01,USA,totalprivate,26.0,894.4,34.4,5147.0,5120.0,1644.0,123312.0,59395.0,3009.0,
2017-02-01,USA,leisurehospitality,15.28,395.75,25.9,1014.0,898.0,328.0,15917.0,8266.0,642.0,
2017-02-01,USA,manufacturing,26.39,1074.07,40.7,295.0,369.0,82.0,12350.0,3396.0,176.0,
2017-02-01,USA,retailtrade,17.98,553.78,30.8,756.0,645.0,213.0,15851.4,7953.9,507.0,
2017-02-01,USA,total,,,,,,,,,,4.6
2017-02-01,USA,totalnonfarm,,,,5350.0,5923.0,1711.0,145848.0,72308.0,3089.0,
2017-02-01,USA,totalprivate,26.07,894.2,34.3,5004.0,5418.0,1591.0,123522.0,59508.0,2911.0,
2017-03-01,USA,leisurehospitality,15.36,399.36,26.0,1013.0,749.0,312.0,15941.0,8291.0,649.0,
2017-03-01,USA,manufacturing,26.4,1071.84,40.6,322.0,394.0,112.0,12361.0,3400.0,188.0,
2017-03-01,USA,retailtrade,18.01,556.51,30.9,743.0,691.0,205.0,15822.1,7924.1,508.0,
2017-03-01,USA,total,,,,,,,,,,4.4
2017-03-01,USA,totalnonfarm,,,,5395.0,5811.0,1762.0,145969.0,72333.0,3150.0,
2017-03-01,USA,totalprivate,26.11,895.57,34.3,5058.0,5305.0,1672.0,123640.0,59527.0,2962.0,
2017-04-01,USA,leisurehospitality,15.4,403.48,26.2,1021.0,843.0,263.0,16006.0,8313.0,662.0,
2017-04-01,USA,manufacturing,26.53,1082.42,40.8,319.0,373.0,111.0,12367.0,3404.0,184.0,
2017-04-01,USA,retailtrade,18.03,560.73,31.1,677.0,638.0,178.0,15804.0,7914.2,438.0,
2017-04-01,USA,total,,,,,,,,,,4.4
2017-04-01,USA,totalnonfarm,,,,5272.0,6091.0,1710.0,146174.0,72403.0,3028.0,
2017-04-01,USA,totalprivate,26.17,900.25,34.4,4937.0,5547.0,1597.0,123839.0,59598.0,2869.0,
2017-05-01,USA,leisurehospitality,15.5,403.0,26.0,1009.0,843.0,254.0,16046.0,8334.0,659.0,
2017-05-01,USA,manufacturing,26.5,1081.2,40.8,337.0,347.0,99.0,12377.0,3409.0,202.0,
2017-05-01,USA,retailtrade,18.11,561.41,31.0,732.0,686.0,190.0,15785.7,7903.7,487.0,
2017-05-01,USA,total,,,,,,,,,,4.4
2017-05-01,USA,totalnonfarm,,,,5477.0,5826.0,1794.0,146380.0,72491.0,3111.0,
2017-05-01,USA,totalprivate,26.21,901.62,34.4,5127.0,5275.0,1665.0,124033.0,59688.0,2947.0,
2017-06-01,USA,leisurehospitality,15.47,402.22,26.0,1037.0,854.0,331.0,16087.0,8345.0,654.0,
2017-06-01,USA,manufacturing,26.52,1084.67,40.9,336.0,392.0,101.0,12390.0,3416.0,203.0,
2017-06-01,USA,retailtrade,18.13,560.22,30.9,754.0,670.0,226.0,15778.0,7880.9,460.0,
2017-06-01,USA,total,,,,,,,,,,4.3
2017-06-01,USA,totalnonfarm,,,,5635.0,6305.0,1970.0,146583.0,72583.0,3154.0,
2017-06-01,USA,totalprivate,26.26,903.34,34.4,5295.0,5731.0,1856.0,124223.0,59767.0,2991.0,
2017-07-01,USA,leisurehospitality,15.49,402.74,26.0,1014.0,861.0,371.0,16122.0,8379.0,620.0,
2017-07-01,USA,manufacturing,26.63,1089.17,40.9,330.0,371.0,108.0,12390.0,3419.0,194.0,
2017-07-01,USA,retailtrade,18.18,561.76,30.9,668.0,683.0,170.0,15769.3,7864.4,465.0,
2017-07-01,USA,total,,,,,,,,,,4.3
2017-07-01,USA,totalnonfarm,,,,5497.0,6238.0,1910.0,146772.0,72729.0,3097.0,
2017-07-01,USA,totalprivate,26.35,906.44,34.4,5148.0,5690.0,1798.0,124398.0,59902.0,2936.0,
2017-08-01,USA,leisurehospitality,15.54,404.04,26.0,1014.0,909.0,341.0,16150.0,8395.0,607.0,
2017-08-01,USA,manufacturing,26.56,1083.65,40.8,369.0,420.0,95.0,12435.0,3430.0,184.0,
2017-08-01,USA,retailtrade,18.23,563.31,30.9,681.0,778.0,179.0,15762.8,7849.6,454.0,
2017-08-01,USA,total,,,,,,,,,,4.4
2017-08-01,USA,totalnonfarm,,,,5519.0,6276.0,1868.0,146919.0,72756.0,3103.0,
2017-08-01,USA,totalprivate,26.37,907.13,34.4,5210.0,5774.0,1748.0,124609.0,59953.0,2930.0,
2017-09-01,USA,leisurehospitality,15.59,405.34,26.0,1010.0,790.0,346.0,16140.0,8375.0,637.0,
2017-09-01,USA,manufacturing,26.69,1086.28,40.7,329.0,434.0,107.0,12443.0,3432.0,192.0,
2017-09-01,USA,retailtrade,18.22,563.0,30.9,672.0,734.0,174.0,15755.6,7843.2,445.0,
2017-09-01,USA,total,,,,,,,,,,4.3
2017-09-01,USA,totalnonfarm,,,,5450.0,6320.0,1787.0,147007.0,72771.0,3190.0,
2017-09-01,USA,totalprivate,26.49,911.26,34.4,5095.0,5757.0,1686.0,124674.0,59955.0,3020.0,
2017-10-01,USA,leisurehospitality,15.57,406.38,26.1,1022.0,796.0,337.0,16133.0,8411.0,645.0,
2017-10-01,USA,manufacturing,26.72,1095.52,41.0,347.0,424.0,105.0,12457.0,3438.0,199.0,
2017-10-01,USA,retailtrade,18.24,563.62,30.9,679.0,767.0,192.0,15748.5,7832.2,448.0,
2017-10-01,USA,total,,,,,,,,,,4.2
2017-10-01,USA,totalnonfarm,,,,5581.0,6408.0,1837.0,147150.0,72871.0,3219.0,
2017-10-01,USA,totalprivate,26.5,911.6,34.4,5227.0,5855.0,1729.0,124789.0,60037.0,3057.0,
2017-11-01,USA,leisurehospitality,15.63,409.51,26.2,1029.0,877.0,321.0,16160.0,8440.0,660.0,
2017-11-01,USA,manufacturing,26.72,1095.52,41.0,343.0,435.0,118.0,12472.0,3449.0,195.0,
2017-11-01,USA,retailtrade,18.26,571.54,31.3,709.0,930.0,242.0,15781.5,7845.8,444.0,
2017-11-01,USA,total,,,,,,,,,,4.2
2017-11-01,USA,totalnonfarm,,,,5494.0,6271.0,1747.0,147373.0,73004.0,3186.0,
2017-11-01,USA,totalprivate,26.54,915.63,34.5,5125.0,5736.0,1647.0,124994.0,60157.0,3008.0,
2017-12-01,USA,leisurehospitality,15.71,410.03,26.1,993.0,884.0,269.0,16183.0,8466.0,680.0,
2017-12-01,USA,manufacturing,26.75,1091.4,40.8,356.0,405.0,107.0,12501.0,3460.0,209.0,
2017-12-01,USA,retailtrade,18.28,568.51,31.1,706.0,932.0,186.0,15740.7,7820.2,479.0,
2017-12-01,USA,total,,,,,,,,,,4.1
2017-12-01,USA,totalnonfarm,,,,5421.0,6336.0,1732.0,147523.0,73061.0,3222.0,
2017-12-01,USA,totalprivate,26.63,918.74,34.5,5062.0,5758.0,1602.0,125139.0,60209.0,3047.0,
2018-01-01,USA,leisurehospitality,15.76,409.76,26.0,1027.0,931.0,394.0,16209.0,8483.0,613.0,
2018-01-01,USA,manufacturing,26.84,1095.07,40.8,366.0,447.0,109.0,12527.0,3466.0,208.0,
2018-01-01,USA,retailtrade,18.39,573.77,31.2,757.0,887.0,232.0,15705.1,7813.5,445.0,
2018-01-01,USA,total,,,,,,,,,,4.0
2018-01-01,USA,totalnonfarm,,,,5512.0,6621.0,1932.0,147660.0,73204.0,3019.0,
2018-01-01,USA,totalprivate,26.72,919.17,34.4,5185.0,6029.0,1826.0,125286.0,60363.0,2847.0,
2018-02-01,USA,leisurehospitality,15.74,410.81,26.1,1057.0,901.0,317.0,16231.0,8492.0,706.0,
2018-02-01,USA,manufacturing,26.83,1100.03,41.0,372.0,441.0,112.0,12551.0,3479.0,216.0,
2018-02-01,USA,retailtrade,18.42,574.7,31.2,706.0,824.0,190.0,15753.0,7847.3,455.0,
2018-02-01,USA,total,,,,,,,,,,4.1
2018-02-01,USA,totalnonfarm,,,,5624.0,6552.0,1771.0,148054.0,73421.0,3222.0,
2018-02-01,USA,totalprivate,26.74,922.53,34.5,5271.0,5956.0,1658.0,125635.0,60537.0,3058.0,
2018-03-01,USA,leisurehospitality,15.84,411.84,26.0,1043.0,928.0,301.0,16239.0,8502.0,713.0,
2018-03-01,USA,manufacturing,26.91,1100.62,40.9,358.0,416.0,108.0,12576.0,3492.0,218.0,
2018-03-01,USA,retailtrade,18.46,575.95,31.2,749.0,912.0,219.0,15771.1,7845.4,458.0,
2018-03-01,USA,total,,,,,,,,,,4.0
2018-03-01,USA,totalnonfarm,,,,5623.0,6818.0,1795.0,148280.0,73531.0,3323.0,
2018-03-01,USA,totalprivate,26.85,926.33,34.5,5282.0,6191.0,1682.0,125853.0,60634.0,3150.0,
2018-04-01,USA,leisurehospitality,15.88,412.88,26.0,1046.0,968.0,308.0,16226.0,8506.0,715.0,
2018-04-01,USA,manufacturing,26.94,1107.23,41.1,360.0,438.0,120.0,12595.0,3505.0,205.0,
2018-04-01,USA,retailtrade,18.57,573.81,30.9,779.0,1031.0,222.0,15770.6,7850.9,494.0,
2018-04-01,USA,total,,,,,,,,,,4.0
2018-04-01,USA,totalnonfarm,,,,5590.0,6877.0,1727.0,148422.0,73626.0,3370.0,
2018-04-01,USA,totalprivate,26.91,928.4,34.5,5240.0,6284.0,1636.0,125978.0,60727.0,3184.0,
2018-05-01,USA,leisurehospitality,15.87,414.21,26.1,1116.0,975.0,332.0,16261.0,8536.0,694.0,
2018-05-01,USA,manufacturing,26.93,1101.44,40.9,370.0,460.0,115.0,12623.0,3529.0,199.0,
2018-05-01,USA,retailtrade,18.69,579.39,31.0,730.0,964.0,182.0,15786.1,7859.2,494.0,
2018-05-01,USA,total,,,,,,,,,,3.8
2018-05-01,USA,totalnonfarm,,,,5859.0,7016.0,1775.0,148740.0,73824.0,3382.0,
2018-05-01,USA,totalprivate,26.98,930.81,34.5,5504.0,6420.0,1679.0,126291.0,60903.0,3195.0,
2018-06-01,USA,leisurehospitality,15.93,415.77,26.1,1039.0,1061.0,300.0,16310.0,8568.0,689.0,
2018-06-01,USA,manufacturing,26.99,1106.59,41.0,370.0,461.0,111.0,12656.0,3542.0,208.0,
2018-06-01,USA,retailtrade,18.63,579.39,31.1,745.0,980.0,204.0,15739.8,7837.2,504.0,
2018-06-01,USA,total,,,,,,,,,,4.0
2018-06-01,USA,totalnonfarm,,,,5760.0,7230.0,1822.0,148959.0,73979.0,3382.0,
2018-06-01,USA,totalprivate,27.03,935.24,34.6,5373.0,6584.0,1724.0,126477.0,61035.0,3193.0,
2018-07-01,USA,leisurehospitality,16.0,417.6,26.1,1093.0,1019.0,336.0,16329.0,8584.0,727.0,
2018-07-01,USA,manufacturing,26.98,1106.18,41.0,383.0,458.0,115.0,12676.0,3556.0,216.0,
2018-07-01,USA,retailtrade,18.74,580.94,31.0,753.0,961.0,206.0,15723.2,7828.6,510.0,
2018-07-01,USA,total,,,,,,,,,,3.8
2018-07-01,USA,totalnonfarm,,,,5649.0,7190.0,1806.0,149020.0,73998.0,3426.0,
2018-07-01,USA,totalprivate,27.1,934.95,34.5,5303.0,6544.0,1683.0,126584.0,61085.0,3238.0,
2018-08-01,USA,leisurehospitality,16.04,420.25,26.2,1057.0,1007.0,293.0,16343.0,8610.0,724.0,
2018-08-01,USA,manufacturing,27.05,1106.35,40.9,369.0,500.0,112.0,12688.0,3566.0,206.0,
2018-08-01,USA,retailtrade,18.86,582.77,30.9,788.0,797.0,266.0,15725.1,7822.7,505.0,
2018-08-01,USA,total,,,,,,,,,,3.8
2018-08-01,USA,totalnonfarm,,,,5815.0,7208.0,1803.0,149279.0,74152.0,3423.0,
2018-08-01,USA,totalprivate,27.21,938.75,34.5,5426.0,6483.0,1696.0,126811.0,61200.0,3258.0,
2018-09-01,USA,leisurehospitality,16.07,417.82,26.0,1053.0,1073.0,309.0,16325.0,8615.0,734.0,
2018-09-01,USA,manufacturing,27.09,1105.27,40.8,331.0,478.0,99.0,12710.0,3571.0,199.0,
2018-09-01,USA,retailtrade,18.93,583.04,30.8,773.0,947.0,216.0,15684.5,7803.1,543.0,
2018-09-01,USA,total,,,,,,,,,,3.7
2018-09-01,USA,totalnonfarm,,,,5625.0,7411.0,1764.0,149358.0,74241.0,3391.0,
2018-09-01,USA,totalprivate,27.32,939.81,34.4,5287.0,6794.0,1650.0,126884.0,61280.0,3216.0,
2018-10-01,USA,leisurehospitality,16.14,419.64,26.0,1112.0,1015.0,321.0,16356.0,8633.0,706.0,
2018-10-01,USA,manufacturing,27.13,1106.9,40.8,398.0,502.0,135.0,12731.0,3578.0,208.0,
2018-10-01,USA,retailtrade,19.03,586.12,30.8,775.0,967.0,211.0,15641.5,7776.3,531.0,
2018-10-01,USA,total,,,,,,,,,,3.8
2018-10-01,USA,totalnonfarm,,,,5907.0,7304.0,1813.0,149526.0,74339.0,3458.0,
2018-10-01,USA,totalprivate,27.37,944.27,34.5,5562.0,6688.0,1700.0,127047.0,61380.0,3273.0,
2018-11-01,USA,leisurehospitality,16.21,419.84,25.9,1069.0,1023.0,331.0,16361.0,8651.0,706.0,
2018-11-01,USA,manufacturing,27.24,1111.39,40.8,367.0,520.0,116.0,12741.0,3584.0,224.0,
2018-11-01,USA,retailtrade,19.06,588.95,30.9,725.0,1044.0,227.0,15685.5,7839.0,496.0,
2018-11-01,USA,total,,,,,,,,,,3.8
2018-11-01,USA,totalnonfarm,,,,5826.0,7594.0,1938.0,149617.0,74455.0,3511.0,
2018-11-01,USA,totalprivate,27.44,943.94,34.4,5461.0,6919.0,1828.0,127144.0,61512.0,3312.0,
2018-12-01,USA,leisurehospitality,16.29,425.17,26.1,1041.0,1075.0,292.0,16412.0,8678.0,695.0,
2018-12-01,USA,manufacturing,27.28,1115.75,40.9,346.0,467.0,120.0,12761.0,3584.0,198.0,
2018-12-01,USA,retailtrade,19.23,590.36,30.7,786.0,910.0,227.0,15635.3,7774.0,498.0,
2018-12-01,USA,total,,,,,,,,,,3.9
2018-12-01,USA,totalnonfarm,,,,5768.0,7489.0,1839.0,149809.0,74536.0,3407.0,
2018-12-01,USA,totalprivate,27.56,950.82,34.5,5400.0,6809.0,1738.0,127298.0,61557.0,3231.0,
2019-01-01,USA,leisurehospitality,16.28,423.28,26.0,1151.0,1121.0,268.0,16488.0,8720.0,760.0,
2019-01-01,USA,manufacturing,27.25,1111.8,40.8,353.0,431.0,95.0,12790.0,3606.0,218.0,
2019-01-01,USA,retailtrade,19.32,593.12,30.7,721.0,818.0,182.0,15617.4,7767.0,497.0,
2019-01-01,USA,total,,,,,,,,,,4.0
2019-01-01,USA,totalnonfarm,,,,5786.0,7502.0,1705.0,150059.0,74660.0,3517.0,
2019-01-01,USA,totalprivate,27.59,951.86,34.5,5411.0,6808.0,1572.0,127551.0,61669.0,3308.0,
2019-02-01,USA,leisurehospitality,16.4,426.4,26.0,1100.0,998.0,271.0,16494.0,8740.0,787.0,
2019-02-01,USA,manufacturing,27.43,1113.66,40.6,335.0,457.0,107.0,12782.0,3607.0,211.0,
2019-02-01,USA,retailtrade,19.39,593.33,30.6,718.0,803.0,185.0,15586.7,7739.5,519.0,
2019-02-01,USA,total,,,,,,,,,,3.8
2019-02-01,USA,totalnonfarm,,,,5704.0,7066.0,1763.0,150065.0,74750.0,3547.0,
2019-02-01,USA,totalprivate,27.69,952.54,34.4,5345.0,6380.0,1636.0,127540.0,61744.0,3366.0,
2019-03-01,USA,leisurehospitality,16.43,428.82,26.1,1083.0,1005.0,287.0,16504.0,8760.0,767.0,
2019-03-01,USA,manufacturing,27.48,1118.44,40.7,343.0,435.0,122.0,12788.0,3613.0,221.0,
2019-03-01,USA,retailtrade,19.41,595.89,30.7,716.0,773.0,190.0,15574.1,7723.8,510.0,
2019-03-01,USA,total,,,,,,,,,,3.8
2019-03-01,USA,totalnonfarm,,,,5689.0,7317.0,1690.0,150295.0,74903.0,3529.0,
2019-03-01,USA,totalprivate,27.77,958.07,34.5,5332.0,6601.0,1588.0,127726.0,61872.0,3350.0,
2019-04-01,USA,leisurehospitality,16.47,426.57,25.9,1162.0,1024.0,333.0,16527.0,8796.0,766.0,
2019-04-01,USA,manufacturing,27.44,1114.06,40.6,349.0,451.0,115.0,12785.0,3613.0,231.0,
2019-04-01,USA,retailtrade,19.47,597.73,30.7,751.0,754.0,220.0,15571.6,7720.0,502.0,
2019-04-01,USA,total,,,,,,,,,,3.7
2019-04-01,USA,totalnonfarm,,,,6016.0,7272.0,1963.0,150593.0,75066.0,3501.0,
2019-04-01,USA,totalprivate,27.79,955.98,34.4,5644.0,6537.0,1856.0,127974.0,62019.0,3317.0,
2019-05-01,USA,leisurehospitality,16.51,425.96,25.8,1063.0,1018.0,260.0,16507.0,8773.0,765.0,
2019-05-01,USA,manufacturing,27.56,1118.94,40.6,339.0,471.0,112.0,12778.0,3618.0,204.0,
2019-05-01,USA,retailtrade,19.53,597.62,30.6,769.0,753.0,206.0,15554.2,7700.5,535.0,
2019-05-01,USA,total,,,,,,,,,,3.6
2019-05-01,USA,totalnonfarm,,,,5686.0,7275.0,1775.0,150621.0,75088.0,3472.0,
2019-05-01,USA,totalprivate,27.88,959.07,34.4,5362.0,6600.0,1683.0,128059.0,62067.0,3263.0,
2019-06-01,USA,leisurehospitality,16.55,428.65,25.9,1119.0,945.0,311.0,16512.0,8777.0,790.0,
2019-06-01,USA,manufacturing,27.65,1125.36,40.7,324.0,465.0,108.0,12787.0,3618.0,201.0,
2019-06-01,USA,retailtrade,19.65,603.26,30.7,798.0,818.0,183.0,15533.2,7685.6,533.0,
2019-06-01,USA,total,,,,,,,,,,3.6
2019-06-01,USA,totalnonfarm,,,,5801.0,7194.0,1780.0,150839.0,75161.0,3474.0,
2019-06-01,USA,totalprivate,27.96,961.82,34.4,5434.0,6449.0,1683.0,128235.0,62132.0,3308.0,
2019-07-01,USA,leisurehospitality,16.6,428.28,25.8,1122.0,959.0,306.0,16522.0,8794.0,800.0,
2019-07-01,USA,manufacturing,27.69,1118.68,40.4,330.0,452.0,111.0,12790.0,3636.0,197.0,
2019-07-01,USA,retailtrade,19.72,605.4,30.7,796.0,832.0,213.0,15533.3,7692.8,532.0,
2019-07-01,USA,total,,,,,,,,,,3.7
2019-07-01,USA,totalnonfarm,,,,5871.0,7042.0,1833.0,150936.0,75319.0,3654.0,
2019-07-01,USA,totalprivate,28.03,964.23,34.4,5524.0,6392.0,1732.0,128364.0,62294.0,3466.0,
2019-08-01,USA,leisurehospitality,16.6,428.28,25.8,1148.0,961.0,270.0,16602.0,8816.0,791.0,
2019-08-01,USA,manufacturing,27.75,1123.88,40.5,334.0,439.0,105.0,12789.0,3634.0,201.0,
2019-08-01,USA,retailtrade,19.78,607.25,30.7,774.0,798.0,215.0,15516.7,7683.3,539.0,
2019-08-01,USA,total,,,,,,,,,,3.6
2019-08-01,USA,totalnonfarm,,,,5900.0,7178.0,1808.0,151171.0,75429.0,3540.0,
2019-08-01,USA,totalprivate,28.14,968.02,34.4,5488.0,6431.0,1710.0,128546.0,62376.0,3366.0,
2019-09-01,USA,leisurehospitality,16.67,431.75,25.9,1161.0,1025.0,344.0,16673.0,8855.0,727.0,
2019-09-01,USA,manufacturing,27.83,1127.12,40.5,345.0,444.0,114.0,12787.0,3643.0,213.0,
2019-09-01,USA,retailtrade,19.84,609.09,30.7,782.0,732.0,224.0,15526.5,7697.0,517.0,
2019-09-01,USA,total,,,,,,,,,,3.5
2019-09-01,USA,totalnonfarm,,,,5963.0,7124.0,1970.0,151365.0,75604.0,3447.0,
2019-09-01,USA,totalprivate,28.16,968.7,34.4,5598.0,6384.0,1868.0,128712.0,62531.0,3258.0,
2019-10-01,USA,leisurehospitality,16.68,430.34,25.8,1115.0,993.0,246.0,16722.0,8895.0,770.0,
2019-10-01,USA,manufacturing,27.88,1123.56,40.3,310.0,399.0,116.0,12733.0,3633.0,197.0,
2019-10-01,USA,retailtrade,19.89,608.63,30.6,678.0,822.0,218.0,15527.2,7697.8,461.0,
2019-10-01,USA,total,,,,,,,,,,3.6
2019-10-01,USA,totalnonfarm,,,,5781.0,7289.0,1819.0,151460.0,75698.0,3452.0,
2019-10-01,USA,totalprivate,28.23,968.29,34.3,5411.0,6504.0,1699.0,128790.0,62599.0,3272.0,
2019-11-01,USA,leisurehospitality,16.75,432.15,25.8,1083.0,973.0,305.0,16761.0,8930.0,746.0,
2019-11-01,USA,manufacturing,28.0,1134.0,40.5,360.0,414.0,99.0,12777.0,3650.0,201.0,
2019-11-01,USA,retailtrade,19.96,602.79,30.2,762.0,741.0,183.0,15509.6,7675.2,598.0,
2019-11-01,USA,total,,,,,,,,,,3.6
2019-11-01,USA,totalnonfarm,,,,5847.0,6888.0,1782.0,151668.0,75851.0,3541.0,
2019-11-01,USA,totalprivate,28.34,972.06,34.3,5459.0,6124.0,1683.0,128959.0,62731.0,3355.0,
2019-12-01,USA,leisurehospitality,16.76,432.41,25.8,1190.0,926.0,334.0,16805.0,8964.0,751.0,
2019-12-01,USA,manufacturing,28.14,1139.67,40.5,339.0,380.0,114.0,12760.0,3650.0,202.0,
2019-12-01,USA,retailtrade,20.05,613.53,30.6,769.0,727.0,206.0,15550.1,7729.3,488.0,
2019-12-01,USA,total,,,,,,,,,,3.6
2019-12-01,USA,totalnonfarm,,,,5951.0,6699.0,1931.0,151795.0,76034.0,3487.0,
2019-12-01,USA,totalprivate,28.38,973.43,34.3,5589.0,5951.0,1847.0,129069.0,62901.0,3290.0,
2020-01-01,USA,leisurehospitality,16.84,436.16,25.9,1120.0,913.0,300.0,16823.0,8948.0,743.0,
2020-01-01,USA,manufacturing,28.2,1136.46,40.3,318.0,407.0,129.0,12745.0,3651.0,190.0,
2020-01-01,USA,retailtrade,20.12,611.65,30.4,820.0,758.0,201.0,15512.5,7683.4,593.0,
2020-01-01,USA,total,,,,,,,,,,3.6
2020-01-01,USA,totalnonfarm,,,,5981.0,7124.0,1808.0,152031.0,76043.0,3563.0,
2020-01-01,USA,totalprivate,28.43,975.15,34.3,5583.0,6304.0,1712.0,129250.0,62880.0,3381.0,
2020-02-01,USA,leisurehospitality,16.92,436.54,25.8,1097.0,940.0,307.0,16889.0,8981.0,702.0,
2020-02-01,USA,manufacturing,28.27,1144.94,40.5,353.0,392.0,134.0,12743.0,3651.0,191.0,
2020-02-01,USA,retailtrade,20.24,619.34,30.6,854.0,744.0,287.0,15519.2,7681.3,530.0,
2020-02-01,USA,total,,,,,,,,,,3.5
2020-02-01,USA,totalnonfarm,,,,5990.0,6966.0,1954.0,152292.0,76203.0,3497.0,
2020-02-01,USA,totalprivate,28.54,978.92,34.3,5584.0,6194.0,1866.0,129435.0,62976.0,3304.0,
2020-03-01,USA,leisurehospitality,16.95,408.5,24.1,642.0,653.0,5157.0,16158.0,8620.0,522.0,
2020-03-01,USA,manufacturing,28.39,1144.12,40.3,309.0,295.0,703.0,12684.0,3624.0,151.0,
2020-03-01,USA,retailtrade,20.43,625.16,30.6,751.0,595.0,1405.0,15432.9,7619.5,407.0,
2020-03-01,USA,total,,,,,,,,,,4.4
2020-03-01,USA,totalnonfarm,,,,5171.0,5894.0,12985.0,150895.0,75461.0,2933.0,
2020-03-01,USA,totalprivate,28.74,980.03,34.1,4780.0,5181.0,12755.0,128068.0,62268.0,2711.0,
2020-04-01,USA,leisurehospitality,18.02,436.08,24.2,423.0,321.0,2255.0,8719.0,4587.0,329.0,
2020-04-01,USA,manufacturing,29.24,1111.12,38.0,359.0,298.0,718.0,11382.0,3193.0,94.0,
2020-04-01,USA,retailtrade,21.11,643.86,30.5,736.0,453.0,1036.0,13246.9,6325.3,273.0,
2020-04-01,USA,total,,,,,,,,,,14.8
2020-04-01,USA,totalnonfarm,,,,4029.0,4606.0,9170.0,130424.0,64256.0,1991.0,
2020-04-01,USA,totalprivate,30.04,1027.37,34.2,3805.0,3955.0,8907.0,108515.0,51651.0,1825.0,
2020-05-01,USA,leisurehospitality,17.43,453.18,26.0,1879.0,710.0,256.0,9947.0,5221.0,353.0,
2020-05-01,USA,manufacturing,29.01,1122.69,38.7,628.0,314.0,148.0,11610.0,3273.0,147.0,
2020-05-01,USA,retailtrade,20.68,645.22,31.2,1003.0,646.0,204.0,13631.4,6492.5,335.0,
2020-05-01,USA,total,,,,,,,,,,13.2
2020-05-01,USA,totalnonfarm,,,,8133.0,5612.0,2139.0,133040.0,65442.0,2259.0,
2020-05-01,USA,totalprivate,29.72,1031.28,34.7,7875.0,4991.0,1958.0,111647.0,53168.0,2068.0,
2020-06-01,USA,leisurehospitality,17.02,437.41,25.7,2002.0,876.0,322.0,11777.0,6255.0,442.0,
2020-06-01,USA,manufacturing,28.64,1119.82,39.1,478.0,338.0,211.0,11950.0,3401.0,181.0,
2020-06-01,USA,retailtrade,20.58,640.04,31.1,956.0,622.0,188.0,14452.3,6961.1,423.0,
2020-06-01,USA,total,,,,,,,,,,11.0
2020-06-01,USA,totalnonfarm,,,,7477.0,6129.0,2245.0,137671.0,68174.0,2594.0,
2020-06-01,USA,totalprivate,29.38,1016.55,34.6,7212.0,5464.0,2068.0,116259.0,55883.0,2413.0,
2020-07-01,USA,leisurehospitality,16.89,430.7,25.5,1378.0,781.0,300.0,12415.0,6527.0,515.0,
2020-07-01,USA,manufacturing,28.74,1143.85,39.8,347.0,392.0,156.0,11973.0,3410.0,190.0,
2020-07-01,USA,retailtrade,20.95,643.17,30.7,830.0,773.0,149.0,14675.8,7125.2,495.0,
2020-07-01,USA,total,,,,,,,,,,10.2
2020-07-01,USA,totalnonfarm,,,,6320.0,6530.0,1827.0,139255.0,69099.0,3020.0,
2020-07-01,USA,totalprivate,29.39,1016.89,34.6,5991.0,5712.0,1718.0,117741.0,56737.0,2818.0,
2020-08-01,USA,leisurehospitality,17.01,435.46,25.6,988.0,763.0,188.0,12573.0,6702.0,452.0,
2020-08-01,USA,manufacturing,28.89,1158.49,40.1,400.0,458.0,103.0,11999.0,3433.0,220.0,
2020-08-01,USA,retailtrade,21.12,650.5,30.8,876.0,731.0,163.0,14942.7,7250.5,492.0,
2020-08-01,USA,total,,,,,,,,,,8.4
2020-08-01,USA,totalnonfarm,,,,6004.0,6429.0,1560.0,140819.0,70111.0,2931.0,
2020-08-01,USA,totalprivate,29.5,1023.65,34.7,5466.0,5722.0,1478.0,118819.0,57443.0,2712.0,
2020-09-01,USA,leisurehospitality,17.06,441.85,25.9,1052.0,801.0,203.0,13065.0,6915.0,524.0,
2020-09-01,USA,manufacturing,28.85,1159.77,40.2,385.0,469.0,105.0,12057.0,3448.0,236.0,
2020-09-01,USA,retailtrade,21.27,657.24,30.9,758.0,694.0,192.0,14981.1,7304.9,473.0,
2020-09-01,USA,total,,,,,,,,,,7.8
2020-09-01,USA,totalnonfarm,,,,5966.0,6511.0,1567.0,141770.0,70513.0,3185.0,
2020-09-01,USA,totalprivate,29.51,1024.0,34.7,5627.0,5803.0,1423.0,119841.0,57920.0,2978.0,
2020-10-01,USA,leisurehospitality,17.06,443.56,26.0,1120.0,821.0,181.0,13303.0,7051.0,571.0,
2020-10-01,USA,manufacturing,28.86,1168.83,40.5,393.0,519.0,103.0,12086.0,3457.0,244.0,
2020-10-01,USA,retailtrade,21.08,649.26,30.8,780.0,711.0,191.0,15090.3,7333.2,510.0,
2020-10-01,USA,total,,,,,,,,,,6.9
2020-10-01,USA,totalnonfarm,,,,6091.0,6798.0,1697.0,142461.0,70848.0,3311.0,
2020-10-01,USA,totalprivate,29.55,1028.34,34.8,5745.0,6066.0,1452.0,120656.0,58339.0,3088.0,
2020-11-01,USA,leisurehospitality,16.99,438.34,25.8,1047.0,845.0,489.0,13260.0,7039.0,605.0,
2020-11-01,USA,manufacturing,28.96,1169.98,40.4,414.0,490.0,117.0,12118.0,3468.0,254.0,
2020-11-01,USA,retailtrade,21.21,653.27,30.8,758.0,755.0,171.0,15126.8,7359.8,547.0,
2020-11-01,USA,total,,,,,,,,,,6.7
2020-11-01,USA,totalnonfarm,,,,5894.0,6820.0,2097.0,142731.0,71009.0,3209.0,
2020-11-01,USA,totalprivate,29.64,1031.47,34.8,5575.0,6144.0,1902.0,121048.0,58545.0,3030.0,
2020-12-01,USA,leisurehospitality,17.08,430.42,25.2,832.0,799.0,513.0,12798.0,6764.0,649.0,
2020-12-01,USA,manufacturing,28.99,1165.4,40.2,449.0,502.0,118.0,12153.0,3480.0,259.0,
2020-12-01,USA,retailtrade,21.32,650.26,30.5,776.0,740.0,177.0,15144.2,7362.2,552.0,
2020-12-01,USA,total,,,,,,,,,,6.7
2020-12-01,USA,totalnonfarm,,,,5577.0,6773.0,1906.0,142548.0,70841.0,3369.0,
2020-12-01,USA,totalprivate,29.91,1040.87,34.8,5254.0,6109.0,1815.0,120870.0,58401.0,3195.0,
2021-01-01,USA,leisurehospitality,17.18,443.24,25.8,881.0,735.0,203.0,12804.0,6824.0,647.0,
2021-01-01,USA,manufacturing,29.04,1173.22,40.4,360.0,529.0,97.0,12145.0,3482.0,255.0,
2021-01-01,USA,retailtrade,21.33,654.83,30.7,758.0,790.0,166.0,15163.0,7369.7,554.0,
2021-01-01,USA,total,,,,,,,,,,6.4
2021-01-01,USA,totalnonfarm,,,,5594.0,7204.0,1657.0,142913.0,71031.0,3285.0,
2021-01-01,USA,totalprivate,29.92,1047.2,35.0,5205.0,6446.0,1573.0,121134.0,58512.0,3142.0,
2021-02-01,USA,leisurehospitality,17.46,441.74,25.3,1083.0,949.0,194.0,13134.0,6992.0,625.0,
2021-02-01,USA,manufacturing,29.18,1173.04,40.2,404.0,595.0,82.0,12179.0,3494.0,269.0,
2021-02-01,USA,retailtrade,21.22,645.09,30.4,719.0,823.0,168.0,15202.9,7374.1,541.0,
2021-02-01,USA,total,,,,,,,,,,6.2
2021-02-01,USA,totalnonfarm,,,,5772.0,7752.0,1625.0,143422.0,71368.0,3429.0,
2021-02-01,USA,totalprivate,30.07,1040.42,34.6,5468.0,7057.0,1554.0,121658.0,58843.0,3239.0,
2021-03-01,USA,leisurehospitality,17.62,461.64,26.2,1073.0,1097.0,196.0,13289.0,7097.0,723.0,
2021-03-01,USA,manufacturing,29.16,1180.98,40.5,438.0,735.0,108.0,12232.0,3506.0,270.0,
2021-03-01,USA,retailtrade,21.42,657.59,30.7,791.0,941.0,132.0,15236.9,7404.8,584.0,
2021-03-01,USA,total,,,,,,,,,,6.1
2021-03-01,USA,totalnonfarm,,,,6148.0,8470.0,1488.0,144246.0,71738.0,3661.0,
2021-03-01,USA,totalprivate,30.04,1048.4,34.9,5762.0,7607.0,1409.0,122390.0,59158.0,3491.0,
2021-04-01,USA,leisurehospitality,17.85,474.81,26.6,1342.0,1306.0,209.0,13556.0,7218.0,766.0,
2021-04-01,USA,manufacturing,29.3,1186.65,40.5,382.0,834.0,104.0,12191.0,3499.0,292.0,
2021-04-01,USA,retailtrade,21.6,667.44,30.9,798.0,935.0,136.0,15189.9,7390.2,629.0,
2021-04-01,USA,total,,,,,,,,,,6.1
2021-04-01,USA,totalnonfarm,,,,6216.0,9356.0,1430.0,144611.0,71931.0,3909.0,
2021-04-01,USA,totalprivate,30.23,1058.05,35.0,5862.0,8390.0,1359.0,122702.0,59325.0,3720.0,
2021-05-01,USA,leisurehospitality,18.05,478.33,26.5,1270.0,1421.0,199.0,13774.0,7368.0,784.0,
2021-05-01,USA,manufacturing,29.52,1192.61,40.4,408.0,894.0,94.0,12219.0,3503.0,255.0,
2021-05-01,USA,retailtrade,21.8,673.62,30.9,795.0,943.0,137.0,15202.0,7393.6,622.0,
2021-05-01,USA,total,,,,,,,,,,5.8
2021-05-01,USA,totalnonfarm,,,,6013.0,9905.0,1352.0,145032.0,72265.0,3836.0,
2021-05-01,USA,totalprivate,30.41,1061.31,34.9,5700.0,9008.0,1275.0,123122.0,59630.0,3667.0,
2021-06-01,USA,leisurehospitality,18.39,487.34,26.5,1279.0,1585.0,124.0,14081.0,7504.0,793.0,
2021-06-01,USA,manufacturing,29.6,1192.88,40.3,447.0,894.0,101.0,12249.0,3513.0,290.0,
2021-06-01,USA,retailtrade,21.91,677.02,30.9,1003.0,1099.0,183.0,15268.6,7404.4,665.0,
2021-06-01,USA,total,,,,,,,,,,5.9
2021-06-01,USA,totalnonfarm,,,,6606.0,10298.0,1299.0,145828.0,72597.0,3985.0,
2021-06-01,USA,totalprivate,30.55,1063.14,34.8,6202.0,9363.0,1243.0,123824.0,59909.0,3796.0,
2021-07-01,USA,leisurehospitality,18.53,492.9,26.6,1453.0,1790.0,159.0,14504.0,7638.0,798.0,
2021-07-01,USA,manufacturing,29.73,1204.07,40.5,476.0,920.0,105.0,12303.0,3519.0,295.0,
2021-07-01,USA,retailtrade,21.94,673.56,30.7,876.0,1040.0,159.0,15237.4,7398.3,680.0,
2021-07-01,USA,total,,,,,,,,,,5.4
2021-07-01,USA,totalnonfarm,,,,6732.0,11049.0,1390.0,146759.0,73040.0,4031.0,
2021-07-01,USA,totalprivate,30.66,1066.97,34.8,6335.0,10106.0,1312.0,124704.0,60296.0,3826.0,
2021-08-01,USA,leisurehospitality,18.77,488.02,26.0,1200.0,1731.0,214.0,14610.0,7767.0,819.0,
2021-08-01,USA,manufacturing,29.82,1204.73,40.4,474.0,867.0,103.0,12349.0,3529.0,289.0,
2021-08-01,USA,retailtrade,22.0,675.4,30.7,907.0,1172.0,187.0,15224.2,7361.2,689.0,
2021-08-01,USA,total,,,,,,,,,,5.1
2021-08-01,USA,totalnonfarm,,,,6390.0,10956.0,1338.0,147246.0,73383.0,4122.0,
2021-08-01,USA,totalprivate,30.79,1068.41,34.7,6017.0,10100.0,1274.0,125147.0,60568.0,3923.0,
2021-09-01,USA,leisurehospitality,18.92,493.81,26.1,1210.0,1591.0,189.0,14743.0,7781.0,844.0,
2021-09-01,USA,manufacturing,29.98,1214.19,40.5,501.0,930.0,114.0,12391.0,3544.0,327.0,
2021-09-01,USA,retailtrade,22.13,679.39,30.7,895.0,1080.0,129.0,15287.6,7422.3,657.0,
2021-09-01,USA,total,,,,,,,,,,4.7
2021-09-01,USA,totalnonfarm,,,,6653.0,10879.0,1428.0,147712.0,73557.0,4320.0,
2021-09-01,USA,totalprivate,30.96,1077.41,34.8,6303.0,9921.0,1345.0,125632.0,60770.0,4105.0,
2021-10-01,USA,leisurehospitality,19.24,504.09,26.2,1170.0,1633.0,177.0,14955.0,7887.0,767.0,
2021-10-01,USA,manufacturing,30.11,1213.43,40.3,496.0,942.0,100.0,12454.0,3563.0,302.0,
2021-10-01,USA,retailtrade,22.27,683.69,30.7,857.0,1065.0,135.0,15338.9,7456.1,674.0,
2021-10-01,USA,total,,,,,,,,,,4.5
2021-10-01,USA,totalnonfarm,,,,6652.0,11341.0,1285.0,148569.0,73928.0,4131.0,
2021-10-01,USA,totalprivate,31.15,1080.91,34.7,6278.0,10361.0,1206.0,126526.0,61163.0,3889.0,
2021-11-01,USA,leisurehospitality,19.31,505.92,26.2,1200.0,1595.0,202.0,15083.0,7965.0,893.0,
2021-11-01,USA,manufacturing,30.18,1222.29,40.5,494.0,847.0,95.0,12498.0,3572.0,328.0,
2021-11-01,USA,retailtrade,22.36,695.4,31.1,899.0,1017.0,137.0,15378.3,7475.4,676.0,
2021-11-01,USA,total,,,,,,,,,,4.2
2021-11-01,USA,totalnonfarm,,,,6811.0,11119.0,1368.0,149206.0,74199.0,4491.0,
2021-11-01,USA,totalprivate,31.25,1087.5,34.8,6417.0,10139.0,1295.0,127162.0,61442.0,4246.0,
2021-12-01,USA,leisurehospitality,19.47,508.17,26.1,1193.0,1661.0,172.0,15239.0,8049.0,845.0,
2021-12-01,USA,manufacturing,30.34,1228.77,40.5,487.0,846.0,105.0,12532.0,3584.0,342.0,
2021-12-01,USA,retailtrade,22.47,705.56,31.4,851.0,998.0,109.0,15394.2,7490.2,741.0,
2021-12-01,USA,total,,,,,,,,,,3.9
2021-12-01,USA,totalnonfarm,,,,6596.0,11417.0,1376.0,149781.0,74473.0,4387.0,
2021-12-01,USA,totalprivate,31.41,1093.07,34.8,6209.0,10327.0,1306.0,127707.0,61696.0,4153.0,
2022-01-01,USA,leisurehospitality,19.46,494.28,25.4,1172.0,1589.0,207.0,15328.0,8110.0,853.0,
2022-01-01,USA,manufacturing,30.53,1227.31,40.2,480.0,897.0,123.0,12560.0,3592.0,305.0,
2022-01-01,USA,retailtrade,22.58,681.92,30.2,834.0,997.0,141.0,15407.9,7509.2,698.0,
2022-01-01,USA,total,,,,,,,,,,4.0
2022-01-01,USA,totalnonfarm,,,,6400.0,11238.0,1434.0,150006.0,74600.0,4404.0,
2022-01-01,USA,totalprivate,31.62,1090.89,34.5,6021.0,10222.0,1354.0,127950.0,61808.0,4164.0,
2022-02-01,USA,leisurehospitality,19.53,505.83,25.9,1143.0,1695.0,215.0,15454.0,8191.0,825.0,
2022-02-01,USA,manufacturing,30.48,1237.49,40.6,497.0,830.0,102.0,12608.0,3614.0,330.0,
2022-02-01,USA,retailtrade,22.63,685.69,30.3,946.0,1055.0,124.0,15552.2,7554.9,707.0,
2022-02-01,USA,total,,,,,,,,,,3.8
2022-02-01,USA,totalnonfarm,,,,6806.0,11661.0,1420.0,150875.0,74982.0,4321.0,
2022-02-01,USA,totalprivate,31.66,1098.6,34.7,6412.0,10600.0,1339.0,128834.0,62195.0,4064.0,
2022-03-01,USA,leisurehospitality,19.75,513.5,26.0,1175.0,1650.0,172.0,15515.0,8255.0,923.0,
2022-03-01,USA,manufacturing,30.59,1241.95,40.6,516.0,898.0,97.0,12676.0,3653.0,346.0,
2022-03-01,USA,retailtrade,22.82,686.88,30.1,819.0,1316.0,138.0,15545.5,7544.3,659.0,
2022-03-01,USA,total,,,,,,,,,,3.7
2022-03-01,USA,totalnonfarm,,,,6607.0,12134.0,1383.0,151346.0,75219.0,4499.0,
2022-03-01,USA,totalprivate,31.82,1100.97,34.6,6218.0,11105.0,1296.0,129304.0,62433.0,4248.0,
2022-04-01,USA,leisurehospitality,19.87,516.62,26.0,1214.0,1617.0,209.0,15611.0,8310.0,843.0,
2022-04-01,USA,manufacturing,30.78,1243.51,40.4,504.0,1001.0,108.0,12725.0,3671.0,326.0,
2022-04-01,USA,retailtrade,22.78,685.68,30.1,778.0,1063.0,118.0,15487.1,7542.3,663.0,
2022-04-01,USA,total,,,,,,,,,,3.7
2022-04-01,USA,totalnonfarm,,,,6614.0,11881.0,1353.0,151651.0,75414.0,4457.0,
2022-04-01,USA,totalprivate,31.96,1109.01,34.7,6222.0,10815.0,1285.0,129572.0,62604.0,4221.0,
2022-05-01,USA,leisurehospitality,19.96,514.97,25.8,1240.0,1602.0,206.0,15674.0,8356.0,906.0,
2022-05-01,USA,manufacturing,30.83,1245.53,40.4,449.0,825.0,94.0,12739.0,3682.0,304.0,
2022-05-01,USA,retailtrade,22.83,687.18,30.1,676.0,1060.0,136.0,15426.2,7509.8,584.0,
2022-05-01,USA,total,,,,,,,,,,3.6
2022-05-01,USA,totalnonfarm,,,,6461.0,11483.0,1509.0,151892.0,75601.0,4259.0,
2022-05-01,USA,totalprivate,32.1,1110.66,34.6,6066.0,10421.0,1433.0,129789.0,62770.0,4032.0,
2022-06-01,USA,leisurehospitality,20.06,517.55,25.8,1222.0,1586.0,226.0,15778.0,8401.0,852.0,
2022-06-01,USA,manufacturing,30.82,1242.05,40.3,476.0,851.0,99.0,12768.0,3692.0,311.0,
2022-06-01,USA,retailtrade,22.89,688.99,30.1,770.0,867.0,93.0,15486.3,7532.9,554.0,
2022-06-01,USA,total,,,,,,,,,,3.6
2022-06-01,USA,totalnonfarm,,,,6510.0,11256.0,1497.0,152353.0,75857.0,4139.0,
2022-06-01,USA,totalprivate,32.2,1114.12,34.6,6091.0,10272.0,1414.0,130229.0,62996.0,3898.0,
2022-07-01,USA,leisurehospitality,20.18,520.64,25.8,1182.0,1615.0,224.0,15925.0,8426.0,826.0,
2022-07-01,USA,manufacturing,30.93,1249.57,40.4,432.0,898.0,96.0,12800.0,3705.0,268.0,
2022-07-01,USA,retailtrade,23.07,699.02,30.3,760.0,908.0,141.0,15501.2,7542.2,560.0,
2022-07-01,USA,total,,,,,,,,,,3.5
2022-07-01,USA,totalnonfarm,,,,6470.0,11610.0,1459.0,153049.0,76202.0,4005.0,
2022-07-01,USA,totalprivate,32.35,1119.31,34.6,6020.0,10383.0,1399.0,130767.0,63232.0,3829.0,
2022-08-01,USA,leisurehospitality,20.31,519.94,25.6,1204.0,1477.0,228.0,15977.0,8442.0,869.0,
2022-08-01,USA,manufacturing,31.03,1250.51,40.3,476.0,841.0,110.0,12826.0,3715.0,289.0,
2022-08-01,USA,retailtrade,23.07,694.41,30.1,828.0,820.0,195.0,15527.6,7543.1,581.0,
2022-08-01,USA,total,,,,,,,,,,3.6
2022-08-01,USA,totalnonfarm,,,,6443.0,10148.0,1609.0,153286.0,76360.0,4200.0,
2022-08-01,USA,totalprivate,32.44,1119.18,34.5,6049.0,9195.0,1518.0,131017.0,63377.0,3965.0,
2022-09-01,USA,leisurehospitality,20.39,521.98,25.6,1142.0,1524.0,145.0,16047.0,8451.0,867.0,
2022-09-01,USA,manufacturing,31.12,1254.14,40.3,398.0,814.0,90.0,12848.0,3723.0,259.0,
2022-09-01,USA,retailtrade,23.11,695.61,30.1,749.0,850.0,161.0,15501.5,7550.1,572.0,
2022-09-01,USA,total,,,,,,,,,,3.5
2022-09-01,USA,totalnonfarm,,,,6206.0,10812.0,1443.0,153513.0,76460.0,4111.0,
2022-09-01,USA,totalprivate,32.55,1122.98,34.5,5807.0,9746.0,1352.0,131233.0,63469.0,3887.0,
2022-10-01,USA,leisurehospitality,20.48,524.29,25.6,1184.0,1578.0,217.0,16144.0,8492.0,873.0,
2022-10-01,USA,manufacturing,31.29,1264.12,40.4,436.0,734.0,100.0,12883.0,3736.0,278.0,
2022-10-01,USA,retailtrade,23.28,705.38,30.3,733.0,878.0,127.0,15501.7,7543.1,592.0,
2022-10-01,USA,total,,,,,,,,,,3.6
2022-10-01,USA,totalnonfarm,,,,6104.0,10488.0,1539.0,153913.0,76628.0,3945.0,
2022-10-01,USA,totalprivate,32.7,1131.42,34.6,5712.0,9497.0,1468.0,131604.0,63619.0,3732.0,
2022-11-01,USA,leisurehospitality,20.6,525.3,25.5,1115.0,1536.0,205.0,16200.0,8549.0,868.0,
2022-11-01,USA,manufacturing,31.37,1261.07,40.2,422.0,815.0,115.0,12896.0,3744.0,273.0,
2022-11-01,USA,retailtrade,23.5,709.7,30.2,724.0,852.0,96.0,15500.8,7531.7,603.0,
2022-11-01,USA,total,,,,,,,,,,3.6
2022-11-01,USA,totalnonfarm,,,,6134.0,10619.0,1461.0,154210.0,76802.0,4080.0,
2022-11-01,USA,totalprivate,32.84,1132.98,34.5,5703.0,9583.0,1389.0,131836.0,63761.0,3865.0,
2022-12-01,USA,leisurehospitality,20.81,526.49,25.3,1106.0,1662.0,216.0,16241.0,8560.0,838.0,
2022-12-01,USA,manufacturing,31.47,1265.09,40.2,407.0,737.0,118.0,12889.0,3748.0,270.0,
2022-12-01,USA,retailtrade,23.43,705.24,30.1,765.0,937.0,134.0,15515.6,7530.2,609.0,
2022-12-01,USA,total,,,,,,,,,,3.5
2022-12-01,USA,totalnonfarm,,,,6113.0,10876.0,1520.0,154336.0,76877.0,4173.0,
2022-12-01,USA,totalprivate,32.96,1133.82,34.4,5706.0,9849.0,1422.0,131963.0,63831.0,3946.0,
2023-01-01,USA,leisurehospitality,20.81,530.66,25.5,1168.0,1510.0,231.0,16354.0,8618.0,794.0,
2023-01-01,USA,manufacturing,31.65,1281.83,40.5,433.0,718.0,115.0,12897.0,3745.0,284.0,
2023-01-01,USA,retailtrade,23.54,710.91,30.2,809.0,867.0,154.0,15538.9,7533.0,628.0,
2023-01-01,USA,total,,,,,,,,,,3.5
2023-01-01,USA,totalnonfarm,,,,6347.0,10393.0,1904.0,154780.0,77092.0,3833.0,
2023-01-01,USA,totalprivate,33.05,1143.53,34.6,5912.0,9320.0,1807.0,132288.0,63982.0,3642.0,
2023-02-01,USA,leisurehospitality,20.83,531.17,25.5,1143.0,1420.0,173.0,16424.0,8641.0,899.0,
2023-02-01,USA,manufacturing,31.69,1277.11,40.3,444.0,672.0,117.0,12900.0,3749.0,316.0,
2023-02-01,USA,retailtrade,23.77,713.1,30.0,724.0,811.0,158.0,15600.6,7552.9,515.0,
2023-02-01,USA,total,,,,,,,,,,3.6
2023-02-01,USA,totalnonfarm,,,,6020.0,9846.0,1539.0,155086.0,77210.0,3926.0,
2023-02-01,USA,totalprivate,33.16,1140.7,34.4,5643.0,8836.0,1454.0,132538.0,64061.0,3736.0,
2023-03-01,USA,leisurehospitality,20.94,531.88,25.4,1070.0,1445.0,259.0,16441.0,8658.0,782.0,
2023-03-01,USA,manufacturing,31.85,1280.37,40.2,391.0,680.0,122.0,12890.0,3743.0,274.0,
2023-03-01,USA,retailtrade,23.69,713.07,30.1,691.0,692.0,155.0,15575.3,7532.6,542.0,
2023-03-01,USA,total,,,,,,,,,,3.5
2023-03-01,USA,totalnonfarm,,,,5932.0,9572.0,1814.0,155171.0,77256.0,3820.0,
2023-03-01,USA,totalprivate,33.28,1144.83,34.4,5550.0,8533.0,1724.0,132586.0,64095.0,3605.0,
2023-04-01,USA,leisurehospitality,21.02,531.81,25.3,1064.0,1383.0,201.0,16478.0,8676.0,781.0,
2023-04-01,USA,manufacturing,32.03,1284.4,40.1,382.0,646.0,120.0,12889.0,3749.0,244.0,
2023-04-01,USA,retailtrade,23.82,714.6,30.0,708.0,883.0,186.0,15559.5,7526.4,494.0,
2023-04-01,USA,total,,,,,,,,,,3.4
2023-04-01,USA,totalnonfarm,,,,5954.0,9992.0,1686.0,155387.0,77393.0,3619.0,
2023-04-01,USA,totalprivate,33.42,1149.65,34.4,5569.0,8927.0,1590.0,132753.0,64186.0,3431.0,
2023-05-01,USA,leisurehospitality,21.11,536.19,25.4,1108.0,1308.0,221.0,16505.0,8689.0,809.0,
2023-05-01,USA,manufacturing,32.15,1289.22,40.1,432.0,572.0,139.0,12874.0,3748.0,283.0,
2023-05-01,USA,retailtrade,23.79,713.7,30.0,798.0,753.0,235.0,15558.8,7524.8,581.0,
2023-05-01,USA,total,,,,,,,,,,3.6
2023-05-01,USA,totalnonfarm,,,,6128.0,9310.0,1519.0,155614.0,77566.0,4013.0,
2023-05-01,USA,totalprivate,33.52,1153.09,34.4,5726.0,8235.0,1432.0,132919.0,64320.0,3810.0,
2023-06-01,USA,leisurehospitality,21.21,538.73,25.4,1133.0,1218.0,233.0,16581.0,8706.0,817.0,
2023-06-01,USA,manufacturing,32.38,1295.2,40.0,391.0,563.0,114.0,12877.0,3745.0,249.0,
2023-06-01,USA,retailtrade,23.89,714.31,29.9,684.0,686.0,174.0,15547.6,7508.5,480.0,
2023-06-01,USA,total,,,,,,,,,,3.6
2023-06-01,USA,totalnonfarm,,,,5930.0,9191.0,1637.0,155871.0,77679.0,3689.0,
2023-06-01,USA,totalprivate,33.69,1158.94,34.4,5528.0,8057.0,1557.0,133089.0,64387.0,3500.0,
2023-07-01,USA,leisurehospitality,21.24,537.37,25.3,997.0,1187.0,233.0,16610.0,8728.0,745.0,
2023-07-01,USA,manufacturing,32.57,1302.8,40.0,393.0,518.0,135.0,12863.0,3739.0,247.0,
2023-07-01,USA,retailtrade,23.94,715.81,29.9,703.0,717.0,151.0,15545.1,7495.3,519.0,
2023-07-01,USA,total,,,,,,,,,,3.5
2023-07-01,USA,totalnonfarm,,,,5646.0,8606.0,1675.0,156019.0,77767.0,3562.0,
2023-07-01,USA,totalprivate,33.84,1160.71,34.3,5273.0,7602.0,1585.0,133199.0,64462.0,3360.0,
2023-08-01,USA,leisurehospitality,21.29,540.77,25.4,1091.0,1199.0,247.0,16635.0,8725.0,776.0,
2023-08-01,USA,manufacturing,32.59,1303.6,40.0,383.0,583.0,132.0,12856.0,3732.0,231.0,
2023-08-01,USA,retailtrade,23.99,717.3,29.9,677.0,604.0,157.0,15536.7,7484.4,493.0,
2023-08-01,USA,total,,,,,,,,,,3.7
2023-08-01,USA,totalnonfarm,,,,5824.0,9287.0,1691.0,156176.0,77887.0,3618.0,
2023-08-01,USA,totalprivate,33.89,1165.82,34.4,5436.0,8237.0,1603.0,133307.0,64538.0,3416.0,
2023-09-01,USA,leisurehospitality,21.32,545.79,25.6,1163.0,1374.0,257.0,16636.0,8730.0,849.0,
2023-09-01,USA,manufacturing,32.76,1310.4,40.0,383.0,599.0,131.0,12869.0,3741.0,226.0,
2023-09-01,USA,retailtrade,24.08,717.58,29.8,744.0,638.0,134.0,15531.8,7471.0,531.0,
2023-09-01,USA,total,,,,,,,,,,3.8
2023-09-01,USA,totalnonfarm,,,,5772.0,9279.0,1561.0,156334.0,77980.0,3638.0,
2023-09-01,USA,totalprivate,33.99,1169.26,34.4,5400.0,8278.0,1492.0,133396.0,64603.0,3454.0,
2023-10-01,USA,leisurehospitality,21.44,548.86,25.6,1028.0,1197.0,245.0,16685.0,8720.0,725.0,
2023-10-01,USA,manufacturing,32.84,1313.6,40.0,364.0,560.0,128.0,12836.0,3732.0,218.0,
2023-10-01,USA,retailtrade,24.02,715.8,29.8,659.0,531.0,115.0,15534.1,7476.4,493.0,
2023-10-01,USA,total,,,,,,,,,,3.9
2023-10-01,USA,totalnonfarm,,,,5700.0,8550.0,1621.0,156520.0,78058.0,3558.0,
2023-10-01,USA,totalprivate,34.07,1168.6,34.3,5313.0,7582.0,1539.0,133513.0,64644.0,3377.0,
2023-11-01,USA,leisurehospitality,21.52,550.91,25.6,1000.0,1183.0,215.0,16724.0,8741.0,735.0,
2023-11-01,USA,manufacturing,33.03,1317.9,39.9,352.0,540.0,105.0,12858.0,3736.0,231.0,
2023-11-01,USA,retailtrade,24.07,724.51,30.1,642.0,586.0,144.0,15478.1,7465.0,489.0,
2023-11-01,USA,total,,,,,,,,,,3.7
2023-11-01,USA,totalnonfarm,,,,5501.0,8663.0,1526.0,156661.0,78149.0,3549.0,
2023-11-01,USA,totalprivate,34.19,1176.14,34.4,5119.0,7644.0,1441.0,133610.0,64704.0,3358.0,
2023-12-01,USA,leisurehospitality,21.6,555.12,25.7,1001.0,918.0,235.0,16728.0,8756.0,720.0,
2023-12-01,USA,manufacturing,33.21,1325.08,39.9,354.0,596.0,108.0,12865.0,3742.0,229.0,
2023-12-01,USA,retailtrade,24.22,719.33,29.7,630.0,739.0,137.0,15543.7,7467.5,415.0,
2023-12-01,USA,total,,,,,,,,,,3.8
2023-12-01,USA,totalnonfarm,,,,5614.0,8585.0,1648.0,156930.0,78300.0,3370.0,
2023-12-01,USA,totalprivate,34.31,1180.26,34.4,5212.0,7604.0,1555.0,133823.0,64822.0,3162.0,
2024-01-01,USA,leisurehospitality,21.68,550.67,25.4,1034.0,1085.0,221.0,16720.0,8775.0,771.0,
2024-01-01,USA,manufacturing,33.34,1330.27,39.9,384.0,556.0,128.0,12866.0,3749.0,229.0,
2024-01-01,USA,retailtrade,24.23,712.36,29.4,566.0,571.0,142.0,15520.8,7467.7,399.0,
2024-01-01,USA,total,,,,,,,,,,3.7
2024-01-01,USA,totalnonfarm,,,,5572.0,8468.0,1692.0,157049.0,78417.0,3353.0,
2024-01-01,USA,totalprivate,34.47,1178.87,34.2,5181.0,7577.0,1620.0,133896.0,64898.0,3154.0,
2024-02-01,USA,leisurehospitality,21.75,556.8,25.6,1019.0,1087.0,296.0,16735.0,8775.0,734.0,
2024-02-01,USA,manufacturing,33.42,1336.8,40.0,324.0,561.0,119.0,12853.0,3732.0,210.0,
2024-02-01,USA,retailtrade,24.37,723.79,29.7,654.0,584.0,142.0,15530.2,7460.5,468.0,
2024-02-01,USA,total,,,,,,,,,,3.9
2024-02-01,USA,totalnonfarm,,,,5664.0,8445.0,1681.0,157271.0,78496.0,3468.0,
2024-02-01,USA,totalprivate,34.54,1184.72,34.3,5277.0,7521.0,1594.0,134047.0,64939.0,3276.0,
2024-03-01,USA,leisurehospitality,21.84,556.92,25.5,1019.0,1177.0,288.0,16772.0,8791.0,685.0,
2024-03-01,USA,manufacturing,33.6,1344.0,40.0,315.0,513.0,125.0,12838.0,3731.0,189.0,
2024-03-01,USA,retailtrade,24.34,725.33,29.8,640.0,493.0,157.0,15545.3,7458.8,434.0,
2024-03-01,USA,total,,,,,,,,,,3.9
2024-03-01,USA,totalnonfarm,,,,5472.0,8093.0,1614.0,157517.0,78586.0,3329.0,
2024-03-01,USA,totalprivate,34.67,1192.65,34.4,5091.0,7101.0,1528.0,134216.0,64999.0,3158.0,
2024-04-01,USA,leisurehospitality,21.87,557.69,25.5,978.0,1042.0,242.0,16768.0,8791.0,695.0,
2024-04-01,USA,manufacturing,33.62,1348.16,40.1,384.0,491.0,130.0,12847.0,3727.0,219.0,
2024-04-01,USA,retailtrade,24.32,719.87,29.6,657.0,501.0,141.0,15545.7,7464.0,464.0,
2024-04-01,USA,total,,,,,,,,,,3.9
2024-04-01,USA,totalnonfarm,,,,5584.0,7619.0,1587.0,157635.0,78667.0,3414.0,
2024-04-01,USA,totalprivate,34.75,1188.45,34.2,5229.0,6764.0,1505.0,134345.0,65064.0,3194.0,
2024-05-01,USA,leisurehospitality,21.94,559.47,25.5,957.0,871.0,261.0,16791.0,8795.0,640.0,
2024-05-01,USA,manufacturing,33.8,1358.76,40.2,350.0,576.0,117.0,12849.0,3724.0,209.0,
2024-05-01,USA,retailtrade,24.44,723.42,29.6,632.0,487.0,136.0,15558.5,7456.1,468.0,
2024-05-01,USA,total,,,,,,,,,,4.0
2024-05-01,USA,totalnonfarm,,,,5573.0,7901.0,1665.0,157828.0,78741.0,3355.0,
2024-05-01,USA,totalprivate,34.89,1196.73,34.3,5204.0,6852.0,1581.0,134505.0,65119.0,3144.0,
2024-06-01,USA,leisurehospitality,22.01,559.05,25.4,762.0,906.0,170.0,16783.0,8780.0,620.0,
2024-06-01,USA,manufacturing,34.0,1366.8,40.2,327.0,452.0,119.0,12839.0,3722.0,199.0,
2024-06-01,USA,retailtrade,24.43,723.13,29.6,651.0,514.0,166.0,15537.4,7456.1,469.0,
2024-06-01,USA,total,,,,,,,,,,4.1
2024-06-01,USA,totalnonfarm,,,,5088.0,7412.0,1467.0,157915.0,78794.0,3284.0,
2024-06-01,USA,totalprivate,35.0,1200.5,34.3,4756.0,6455.0,1385.0,134571.0,65163.0,3114.0,
2024-07-01,USA,leisurehospitality,22.06,560.32,25.4,916.0,947.0,229.0,16792.0,8783.0,689.0,
2024-07-01,USA,manufacturing,34.08,1363.2,40.0,348.0,499.0,101.0,12840.0,3718.0,217.0,
2024-07-01,USA,retailtrade,24.45,726.17,29.7,646.0,513.0,228.0,15522.8,7456.3,434.0,
2024-07-01,USA,total,,,,,,,,,,4.2
2024-07-01,USA,totalnonfarm,,,,5451.0,7504.0,1745.0,158003.0,78842.0,3390.0,
2024-07-01,USA,totalprivate,35.07,1199.39,34.2,5075.0,6585.0,1658.0,134611.0,65180.0,3209.0,
2024-08-01,USA,leisurehospitality,22.14,562.36,25.4,959.0,971.0,212.0,16818.0,8791.0,656.0,
2024-08-01,USA,manufacturing,34.18,1367.2,40.0,302.0,467.0,99.0,12800.0,3712.0,210.0,
2024-08-01,USA,retailtrade,24.54,726.38,29.6,552.0,559.0,146.0,15509.5,7450.3,398.0,
2024-08-01,USA,total,,,,,,,,,,4.2
2024-08-01,USA,totalnonfarm,,,,5230.0,7649.0,1697.0,158074.0,78903.0,3177.0,
2024-08-01,USA,totalprivate,35.23,1208.39,34.3,4862.0,6638.0,1615.0,134644.0,65219.0,3000.0,
2024-09-01,USA,leisurehospitality,22.2,566.1,25.5,964.0,965.0,250.0,16869.0,8796.0,611.0,
2024-09-01,USA,manufacturing,34.26,1370.4,40.0,355.0,469.0,151.0,12800.0,3704.0,195.0,
2024-09-01,USA,retailtrade,24.59,727.86,29.6,602.0,475.0,130.0,15523.2,7460.6,409.0,
2024-09-01,USA,total,,,,,,,,,,4.1
2024-09-01,USA,totalnonfarm,,,,5519.0,7103.0,1844.0,158314.0,79000.0,3085.0,
2024-09-01,USA,totalprivate,35.33,1208.29,34.2,5170.0,6241.0,1771.0,134852.0,65291.0,2899.0,
2024-10-01,USA,leisurehospitality,22.27,570.11,25.6,935.0,1166.0,276.0,16878.0,8793.0,643.0,
2024-10-01,USA,manufacturing,34.36,1370.96,39.9,320.0,455.0,113.0,12750.0,3693.0,197.0,
2024-10-01,USA,retailtrade,24.73,734.48,29.7,624.0,467.0,198.0,15516.6,7440.3,399.0,
2024-10-01,USA,total,,,,,,,,,,4.1
2024-10-01,USA,totalnonfarm,,,,5350.0,7615.0,1788.0,158358.0,79030.0,3217.0,
2024-10-01,USA,totalprivate,35.48,1216.96,34.3,4987.0,6715.0,1706.0,134851.0,65296.0,3045.0,
2024-11-01,USA,leisurehospitality,22.33,571.65,25.6,953.0,1021.0,302.0,16932.0,8817.0,593.0,
2024-11-01,USA,manufacturing,34.47,1382.25,40.1,302.0,443.0,126.0,12770.0,3685.0,174.0,
2024-11-01,USA,retailtrade,24.93,740.42,29.7,595.0,549.0,178.0,15503.1,7426.1,387.0,
2024-11-01,USA,total,,,,,,,,,,4.2
2024-11-01,USA,totalnonfarm,,,,5307.0,8031.0,1739.0,158619.0,79079.0,3032.0,
2024-11-01,USA,totalprivate,35.61,1221.42,34.3,4961.0,7162.0,1657.0,135095.0,65340.0,2850.0,
2024-12-01,USA,leisurehospitality,22.4,571.2,25.5,959.0,1147.0,265.0,16979.0,8844.0,603.0,
2024-12-01,USA,manufacturing,34.54,1385.05,40.1,300.0,431.0,112.0,12760.0,3683.0,182.0,
2024-12-01,USA,retailtrade,24.86,743.31,29.9,608.0,519.0,192.0,15537.5,7444.8,380.0,
2024-12-01,USA,total,,,,,,,,,,4.1
2024-12-01,USA,totalnonfarm,,,,5374.0,7508.0,1669.0,158942.0,79230.0,3095.0,
2024-12-01,USA,totalprivate,35.68,1220.26,34.2,4998.0,6634.0,1573.0,135382.0,65465.0,2899.0,
2025-01-01,USA,leisurehospitality,22.53,570.01,25.3,901.0,1057.0,246.0,16965.0,8848.0,607.0,
2025-01-01,USA,manufacturing,34.73,1389.2,40.0,332.0,513.0,132.0,12755.0,3684.0,185.0,
2025-01-01,USA,retailtrade,24.97,736.62,29.5,637.0,656.0,171.0,15573.2,7456.5,395.0,
2025-01-01,USA,total,,,,,,,,,,4.0
2025-01-01,USA,totalnonfarm,,,,5371.0,7762.0,1674.0,159053.0,79302.0,3256.0,
2025-01-01,USA,totalprivate,35.83,1221.8,34.1,5000.0,6860.0,1596.0,135461.0,65515.0,3078.0,
2025-02-01,USA,leisurehospitality,22.57,575.54,25.5,888.0,1030.0,266.0,16931.0,8843.0,641.0,
2025-02-01,USA,manufacturing,34.88,1398.69,40.1,318.0,445.0,121.0,12763.0,3685.0,179.0,
2025-02-01,USA,retailtrade,25.04,743.69,29.7,601.0,528.0,229.0,15569.4,7456.3,404.0,
2025-02-01,USA,total,,,,,,,,,,4.1
2025-02-01,USA,totalnonfarm,,,,5370.0,7480.0,1780.0,159155.0,79354.0,3250.0,
2025-02-01,USA,totalprivate,35.9,1227.78,34.2,5020.0,6588.0,1680.0,135568.0,65560.0,3054.0,
2025-03-01,USA,leisurehospitality,22.7,578.85,25.5,936.0,985.0,187.0,16969.0,8867.0,696.0,
2025-03-01,USA,manufacturing,35.17,1413.83,40.2,319.0,449.0,106.0,12766.0,3681.0,183.0,
2025-03-01,USA,retailtrade,25.27,750.52,29.7,612.0,515.0,163.0,15591.1,7456.7,421.0,
2025-03-01,USA,total,,,,,,,,,,4.2
2025-03-01,USA,totalnonfarm,,,,5411.0,7192.0,1558.0,159340.0,79428.0,3332.0,
2025-03-01,USA,totalprivate,36.0,1234.8,34.3,5050.0,6359.0,1451.0,135738.0,65632.0,3145.0,
2025-04-01,USA,leisurehospitality,22.7,578.85,25.5,,,,16993.0,8884.0,,
2025-04-01,USA,manufacturing,35.06,1402.4,40.0,,,,12765.0,3670.0,,
2025-04-01,USA,retailtrade,25.41,762.3,30.0,,,,15589.3,7459.7,,
2025-04-01,USA,total,,,,,,,,,,4.2
2025-04-01,USA,totalnonfarm,,,,,,,159517.0,79526.0,,
2025-04-01,USA,totalprivate,36.06,1236.86,34.3,,,,135905.0,65713.0,,
