Date,DebtServicePct,PersonalConsumptionExpenditures,PersonalSavingRate,ConsumerSentimentIndex,State,Sector
2001-01-01,12.175219,6987.4,4.5,94.7,USA,Aggregate
2001-02-01,12.175219,7001.8,4.6,90.6,USA,Aggregate
2001-03-01,12.175219,6996.7,4.9,91.5,USA,Aggregate
2001-04-01,12.386421,7004.2,4.8,88.4,USA,Aggregate
2001-05-01,12.386421,7052.8,4.3,92.0,USA,Aggregate
2001-06-01,12.386421,7069.7,4.2,92.6,USA,Aggregate
2001-07-01,12.329806,7082.3,5.4,92.4,USA,Aggregate
2001-08-01,12.329806,7121.7,6.5,91.5,USA,Aggregate
2001-09-01,12.329806,7007.0,6.9,81.8,USA,Aggregate
2001-10-01,12.682582,7212.9,2.9,82.7,USA,Aggregate
2001-11-01,12.682582,7182.3,3.4,83.9,USA,Aggregate
2001-12-01,12.682582,7166.7,3.7,88.8,USA,Aggregate
2002-01-01,12.456402,7184.6,5.6,93.0,USA,Aggregate
2002-02-01,12.456402,7225.2,5.4,90.7,USA,Aggregate
2002-03-01,12.456402,7243.4,5.5,95.7,USA,Aggregate
2002-04-01,12.362782,7312.5,5.4,93.0,USA,Aggregate
2002-05-01,12.362782,7288.9,6.1,96.9,USA,Aggregate
2002-06-01,12.362782,7322.5,6.1,92.4,USA,Aggregate
2002-07-01,12.374393,7387.3,5.3,88.1,USA,Aggregate
2002-08-01,12.374393,7412.6,5.2,87.6,USA,Aggregate
2002-09-01,12.374393,7391.5,5.8,86.1,USA,Aggregate
2002-10-01,12.341276,7435.2,5.6,80.6,USA,Aggregate
2002-11-01,12.341276,7463.8,5.6,84.2,USA,Aggregate
2002-12-01,12.341276,7519.9,5.3,86.7,USA,Aggregate
2003-01-01,12.358857,7541.3,5.3,82.4,USA,Aggregate
2003-02-01,12.358857,7548.6,5.2,79.9,USA,Aggregate
2003-03-01,12.358857,7611.5,4.9,77.6,USA,Aggregate
2003-04-01,12.29993,7634.5,5.0,86.0,USA,Aggregate
2003-05-01,12.29993,7650.3,5.3,92.1,USA,Aggregate
2003-06-01,12.29993,7699.6,5.1,89.7,USA,Aggregate
2003-07-01,12.144751,7757.0,5.9,90.9,USA,Aggregate
2003-08-01,12.144751,7852.1,5.7,89.3,USA,Aggregate
2003-09-01,12.144751,7853.7,4.9,87.7,USA,Aggregate
2003-10-01,12.215914,7867.4,5.0,89.6,USA,Aggregate
2003-11-01,12.215914,7922.6,5.0,93.7,USA,Aggregate
2003-12-01,12.215914,7950.4,5.0,92.6,USA,Aggregate
2004-01-01,12.219274,8007.1,4.6,103.8,USA,Aggregate
2004-02-01,12.219274,8040.4,4.6,94.4,USA,Aggregate
2004-03-01,12.219274,8098.8,4.5,95.8,USA,Aggregate
2004-04-01,12.157168,8107.2,4.9,94.2,USA,Aggregate
2004-05-01,12.157168,8176.5,4.8,90.2,USA,Aggregate
2004-06-01,12.157168,8157.6,5.4,95.6,USA,Aggregate
2004-07-01,12.272636,8236.9,4.7,96.7,USA,Aggregate
2004-08-01,12.272636,8271.6,4.7,95.9,USA,Aggregate
2004-09-01,12.272636,8341.5,4.1,94.2,USA,Aggregate
2004-10-01,12.277015,8397.1,3.9,91.7,USA,Aggregate
2004-11-01,12.277015,8444.5,3.4,92.8,USA,Aggregate
2004-12-01,12.277015,8504.4,6.2,97.1,USA,Aggregate
2005-01-01,14.799802,8497.7,2.7,95.5,USA,Aggregate
2005-02-01,14.799802,8559.1,2.3,94.1,USA,Aggregate
2005-03-01,14.799802,8598.4,2.5,92.6,USA,Aggregate
2005-04-01,14.828576,8678.4,2.1,87.7,USA,Aggregate
2005-05-01,14.828576,8671.6,2.6,86.9,USA,Aggregate
2005-06-01,14.828576,8753.4,2.0,96.0,USA,Aggregate
2005-07-01,15.139959,8853.8,1.4,96.5,USA,Aggregate
2005-08-01,15.139959,8850.1,2.0,89.1,USA,Aggregate
2005-09-01,15.139959,8900.4,2.0,76.9,USA,Aggregate
2005-10-01,15.02855,8938.5,2.3,74.2,USA,Aggregate
2005-11-01,15.02855,8946.2,2.6,81.6,USA,Aggregate
2005-12-01,15.02855,8981.1,2.5,91.5,USA,Aggregate
2006-01-01,14.989443,9071.6,3.0,91.2,USA,Aggregate
2006-02-01,14.989443,9096.0,3.2,86.7,USA,Aggregate
2006-03-01,14.989443,9132.9,3.3,88.9,USA,Aggregate
2006-04-01,15.044255,9191.6,3.1,87.4,USA,Aggregate
2006-05-01,15.044255,9231.8,2.9,79.1,USA,Aggregate
2006-06-01,15.044255,9259.6,2.9,84.9,USA,Aggregate
2006-07-01,15.367228,9343.8,2.3,84.7,USA,Aggregate
2006-08-01,15.367228,9342.2,2.5,82.0,USA,Aggregate
2006-09-01,15.367228,9375.4,2.4,85.4,USA,Aggregate
2006-10-01,15.509711,9393.6,2.4,93.6,USA,Aggregate
2006-11-01,15.509711,9400.2,2.7,92.1,USA,Aggregate
2006-12-01,15.509711,9488.3,2.6,91.7,USA,Aggregate
2007-01-01,15.526607,9538.7,2.4,96.9,USA,Aggregate
2007-02-01,15.526607,9566.0,2.8,91.3,USA,Aggregate
2007-03-01,15.526607,9611.7,3.0,88.4,USA,Aggregate
2007-04-01,15.63251,9643.6,3.0,87.1,USA,Aggregate
2007-05-01,15.63251,9685.8,2.8,88.3,USA,Aggregate
2007-06-01,15.63251,9706.8,2.7,85.3,USA,Aggregate
2007-07-01,15.712123,9751.1,2.6,90.4,USA,Aggregate
2007-08-01,15.712123,9798.9,2.2,83.4,USA,Aggregate
2007-09-01,15.712123,9845.1,2.3,83.4,USA,Aggregate
2007-10-01,15.846367,9882.7,2.2,80.9,USA,Aggregate
2007-11-01,15.846367,9955.9,1.9,76.1,USA,Aggregate
2007-12-01,15.846367,9972.8,2.4,75.5,USA,Aggregate
2008-01-01,15.775857,9996.4,2.6,78.4,USA,Aggregate
2008-02-01,15.775857,9981.7,3.0,70.8,USA,Aggregate
2008-03-01,15.775857,10035.3,2.9,69.5,USA,Aggregate
2008-04-01,15.326612,10070.3,2.4,62.6,USA,Aggregate
2008-05-01,15.326612,10132.3,6.8,59.8,USA,Aggregate
2008-06-01,15.326612,10187.1,4.6,56.4,USA,Aggregate
2008-07-01,15.546547,10185.1,3.6,61.2,USA,Aggregate
2008-08-01,15.546547,10175.7,3.1,63.0,USA,Aggregate
2008-09-01,15.546547,10116.4,3.9,70.3,USA,Aggregate
2008-10-01,15.72136,10034.1,4.9,57.6,USA,Aggregate
2008-11-01,15.72136,9885.2,6.0,55.3,USA,Aggregate
2008-12-01,15.72136,9801.5,5.8,60.1,USA,Aggregate
2009-01-01,15.5975,9847.2,5.9,61.2,USA,Aggregate
2009-02-01,15.5975,9824.5,5.4,56.3,USA,Aggregate
2009-03-01,15.5975,9773.2,5.8,57.3,USA,Aggregate
2009-04-01,15.251967,9772.5,6.5,65.1,USA,Aggregate
2009-05-01,15.251967,9791.6,7.8,68.7,USA,Aggregate
2009-06-01,15.251967,9852.4,6.1,70.8,USA,Aggregate
2009-07-01,15.08588,9886.3,5.4,66.0,USA,Aggregate
2009-08-01,15.08588,10004.1,4.4,65.7,USA,Aggregate
2009-09-01,15.08588,9927.8,5.5,73.5,USA,Aggregate
2009-10-01,14.896385,9976.7,5.1,70.6,USA,Aggregate
2009-11-01,14.896385,9985.7,5.5,67.4,USA,Aggregate
2009-12-01,14.896385,10052.6,5.4,72.5,USA,Aggregate
2010-01-01,14.51494,10056.1,5.6,74.4,USA,Aggregate
2010-02-01,14.51494,10093.4,5.3,73.6,USA,Aggregate
2010-03-01,14.51494,10156.0,5.3,73.6,USA,Aggregate
2010-04-01,14.069775,10182.3,6.0,72.2,USA,Aggregate
2010-05-01,14.069775,10210.8,6.4,73.6,USA,Aggregate
2010-06-01,14.069775,10231.3,6.2,76.0,USA,Aggregate
2010-07-01,13.917807,10268.1,6.1,67.8,USA,Aggregate
2010-08-01,13.917807,10307.1,6.2,68.9,USA,Aggregate
2010-09-01,13.917807,10327.1,6.1,68.2,USA,Aggregate
2010-10-01,13.580863,10386.4,5.9,67.7,USA,Aggregate
2010-11-01,13.580863,10433.6,5.8,71.6,USA,Aggregate
2010-12-01,13.580863,10471.0,6.2,74.5,USA,Aggregate
2011-01-01,13.30846,10514.3,6.6,74.2,USA,Aggregate
2011-02-01,13.30846,10540.6,6.9,77.5,USA,Aggregate
2011-03-01,13.30846,10619.7,6.3,67.5,USA,Aggregate
2011-04-01,13.057706,10652.1,6.3,69.8,USA,Aggregate
2011-05-01,13.057706,10672.2,6.3,74.3,USA,Aggregate
2011-06-01,13.057706,10694.8,6.5,71.5,USA,Aggregate
2011-07-01,12.944597,10731.6,6.7,63.7,USA,Aggregate
2011-08-01,12.944597,10750.3,6.7,55.8,USA,Aggregate
2011-09-01,12.944597,10783.2,6.4,59.5,USA,Aggregate
2011-10-01,12.749684,10802.9,6.3,60.8,USA,Aggregate
2011-11-01,12.749684,10806.8,6.4,63.7,USA,Aggregate
2011-12-01,12.749684,10817.8,7.2,69.9,USA,Aggregate
2012-01-01,12.237057,10896.8,7.4,75.0,USA,Aggregate
2012-02-01,12.237057,10987.2,7.3,75.3,USA,Aggregate
2012-03-01,12.237057,10993.9,7.6,76.2,USA,Aggregate
2012-04-01,12.034062,11018.5,7.9,76.4,USA,Aggregate
2012-05-01,12.034062,11006.8,7.9,79.3,USA,Aggregate
2012-06-01,12.034062,10989.8,7.9,73.2,USA,Aggregate
2012-07-01,12.083103,11016.8,7.0,72.3,USA,Aggregate
2012-08-01,12.083103,11056.0,6.7,74.3,USA,Aggregate
2012-09-01,12.083103,11105.3,7.2,78.3,USA,Aggregate
2012-10-01,11.754027,11137.4,7.8,82.6,USA,Aggregate
2012-11-01,11.754027,11178.4,8.7,82.7,USA,Aggregate
2012-12-01,11.754027,11181.2,10.9,72.9,USA,Aggregate
2013-01-01,12.006595,11252.4,4.9,73.8,USA,Aggregate
2013-02-01,12.006595,11290.5,4.7,77.6,USA,Aggregate
2013-03-01,12.006595,11290.1,4.8,78.6,USA,Aggregate
2013-04-01,11.794388,11281.1,5.1,76.4,USA,Aggregate
2013-05-01,11.794388,11321.6,5.3,84.5,USA,Aggregate
2013-06-01,11.794388,11344.4,5.4,84.1,USA,Aggregate
2013-07-01,11.837711,11372.6,5.2,85.1,USA,Aggregate
2013-08-01,11.837711,11406.6,5.2,82.1,USA,Aggregate
2013-09-01,11.837711,11445.9,5.3,77.5,USA,Aggregate
2013-10-01,11.985283,11498.0,4.7,73.2,USA,Aggregate
2013-11-01,11.985283,11562.5,4.5,75.1,USA,Aggregate
2013-12-01,11.985283,11593.2,4.5,82.5,USA,Aggregate
2014-01-01,11.88375,11578.8,5.2,81.2,USA,Aggregate
2014-02-01,11.88375,11636.9,5.3,81.6,USA,Aggregate
2014-03-01,11.88375,11722.3,5.2,80.0,USA,Aggregate
2014-04-01,11.621125,11762.3,5.4,84.1,USA,Aggregate
2014-05-01,11.621125,11807.3,5.6,81.9,USA,Aggregate
2014-06-01,11.621125,11861.7,5.6,82.5,USA,Aggregate
2014-07-01,11.64693,11904.4,5.5,81.8,USA,Aggregate
2014-08-01,11.64693,11983.7,5.3,82.5,USA,Aggregate
2014-09-01,11.64693,11991.4,5.5,84.6,USA,Aggregate
2014-10-01,11.631975,12064.7,5.4,86.9,USA,Aggregate
2014-11-01,11.631975,12083.9,5.6,88.8,USA,Aggregate
2014-12-01,11.631975,12096.1,6.0,93.6,USA,Aggregate
2015-01-01,11.556603,12066.7,6.3,98.1,USA,Aggregate
2015-02-01,11.556603,12116.6,6.4,95.4,USA,Aggregate
2015-03-01,11.556603,12176.1,5.9,93.0,USA,Aggregate
2015-04-01,11.485104,12209.1,5.9,95.9,USA,Aggregate
2015-05-01,11.485104,12275.4,5.8,90.7,USA,Aggregate
2015-06-01,11.485104,12307.9,5.7,96.1,USA,Aggregate
2015-07-01,11.606452,12364.9,5.6,93.1,USA,Aggregate
2015-08-01,11.606452,12396.2,5.6,91.9,USA,Aggregate
2015-09-01,11.606452,12386.4,5.8,87.2,USA,Aggregate
2015-10-01,11.738945,12394.9,5.8,90.0,USA,Aggregate
2015-11-01,11.738945,12423.2,5.6,91.3,USA,Aggregate
2015-12-01,11.738945,12452.0,5.8,92.6,USA,Aggregate
2016-01-01,11.763217,12478.0,6.1,92.0,USA,Aggregate
2016-02-01,11.763217,12554.5,5.6,91.7,USA,Aggregate
2016-03-01,11.763217,12537.0,5.9,91.0,USA,Aggregate
2016-04-01,11.766079,12611.5,5.5,89.0,USA,Aggregate
2016-05-01,11.766079,12652.7,5.3,94.7,USA,Aggregate
2016-06-01,11.766079,12731.2,4.9,93.5,USA,Aggregate
2016-07-01,11.769821,12756.7,5.1,90.0,USA,Aggregate
2016-08-01,11.769821,12788.1,5.1,89.8,USA,Aggregate
2016-09-01,11.769821,12846.6,5.1,91.2,USA,Aggregate
2016-10-01,11.865783,12867.0,5.3,87.2,USA,Aggregate
2016-11-01,11.865783,12893.0,5.4,93.8,USA,Aggregate
2016-12-01,11.865783,13005.9,5.0,98.2,USA,Aggregate
2017-01-01,11.723728,13063.7,5.3,98.5,USA,Aggregate
2017-02-01,11.723728,13088.4,5.6,96.3,USA,Aggregate
2017-03-01,11.723728,13139.9,5.6,96.9,USA,Aggregate
2017-04-01,11.75695,13169.2,5.7,97.0,USA,Aggregate
2017-05-01,11.75695,13171.9,6.3,97.1,USA,Aggregate
2017-06-01,11.75695,13225.2,6.0,95.0,USA,Aggregate
2017-07-01,11.818401,13263.3,6.0,93.4,USA,Aggregate
2017-08-01,11.818401,13294.6,6.1,96.8,USA,Aggregate
2017-09-01,11.818401,13417.3,5.9,95.1,USA,Aggregate
2017-10-01,11.816667,13447.5,6.0,100.7,USA,Aggregate
2017-11-01,11.816667,13540.6,5.6,98.5,USA,Aggregate
2017-12-01,11.816667,13666.1,5.0,95.9,USA,Aggregate
2018-01-01,11.64453,13703.3,5.7,95.7,USA,Aggregate
2018-02-01,11.64453,13738.7,5.8,99.7,USA,Aggregate
2018-03-01,11.64453,13793.2,5.9,101.4,USA,Aggregate
2018-04-01,11.598338,13838.4,6.0,98.8,USA,Aggregate
2018-05-01,11.598338,13905.0,6.0,98.0,USA,Aggregate
2018-06-01,11.598338,13930.4,6.3,98.2,USA,Aggregate
2018-07-01,11.619535,13974.8,6.5,97.9,USA,Aggregate
2018-08-01,11.619535,14014.0,6.6,96.2,USA,Aggregate
2018-09-01,11.619535,14017.8,6.8,100.1,USA,Aggregate
2018-10-01,11.666344,14083.1,6.7,98.6,USA,Aggregate
2018-11-01,11.666344,14162.9,6.5,97.5,USA,Aggregate
2018-12-01,11.666344,14051.6,8.4,98.3,USA,Aggregate
2019-01-01,11.49987,14084.6,8.4,91.2,USA,Aggregate
2019-02-01,11.49987,14117.4,8.5,93.8,USA,Aggregate
2019-03-01,11.49987,14248.6,7.9,98.4,USA,Aggregate
2019-04-01,11.626952,14290.0,7.6,97.2,USA,Aggregate
2019-05-01,11.626952,14353.3,7.3,100.0,USA,Aggregate
2019-06-01,11.626952,14408.7,7.1,98.2,USA,Aggregate
2019-07-01,11.646524,14496.0,6.8,98.4,USA,Aggregate
2019-08-01,11.646524,14558.2,6.9,89.8,USA,Aggregate
2019-09-01,11.646524,14590.6,7.0,93.2,USA,Aggregate
2019-10-01,11.727526,14617.4,7.1,95.5,USA,Aggregate
2019-11-01,11.727526,14711.0,6.9,96.8,USA,Aggregate
2019-12-01,11.727526,14774.8,6.2,99.3,USA,Aggregate
2020-01-01,11.587379,14844.3,7.0,99.8,USA,Aggregate
2020-02-01,11.587379,14833.8,7.5,101.0,USA,Aggregate
2020-03-01,11.587379,13810.5,12.4,89.1,USA,Aggregate
2020-04-01,9.739372,12234.4,32.0,71.8,USA,Aggregate
2020-05-01,9.739372,13251.7,22.8,72.3,USA,Aggregate
2020-06-01,9.739372,14040.8,18.4,78.1,USA,Aggregate
2020-07-01,10.067065,14303.8,17.8,72.5,USA,Aggregate
2020-08-01,10.067065,14454.9,13.9,74.1,USA,Aggregate
2020-09-01,10.067065,14675.4,13.1,80.4,USA,Aggregate
2020-10-01,10.404484,14726.0,12.6,81.8,USA,Aggregate
2020-11-01,10.404484,14704.9,11.8,76.9,USA,Aggregate
2020-12-01,10.404484,14827.3,11.8,80.7,USA,Aggregate
2021-01-01,9.084982,15081.5,19.2,79.0,USA,Aggregate
2021-02-01,9.084982,14984.4,12.6,76.8,USA,Aggregate
2021-03-01,9.084982,15712.4,25.9,84.9,USA,Aggregate
2021-04-01,9.889169,15915.0,12.0,88.3,USA,Aggregate
2021-05-01,9.889169,15950.5,9.6,82.9,USA,Aggregate
2021-06-01,9.889169,16183.6,8.4,85.5,USA,Aggregate
2021-07-01,10.057423,16223.5,9.2,81.2,USA,Aggregate
2021-08-01,10.057423,16390.6,8.4,70.3,USA,Aggregate
2021-09-01,10.057423,16477.5,7.2,72.8,USA,Aggregate
2021-10-01,10.281331,16694.0,6.6,71.7,USA,Aggregate
2021-11-01,10.281331,16849.0,6.1,67.4,USA,Aggregate
2021-12-01,10.281331,16905.5,6.0,70.6,USA,Aggregate
2022-01-01,10.512948,17017.8,3.6,67.2,USA,Aggregate
2022-02-01,10.512948,17136.1,3.6,62.8,USA,Aggregate
2022-03-01,10.512948,17371.4,2.7,59.4,USA,Aggregate
2022-04-01,10.719184,17493.8,2.2,65.2,USA,Aggregate
2022-05-01,10.719184,17569.9,2.3,58.4,USA,Aggregate
2022-06-01,10.719184,17747.6,2.0,50.0,USA,Aggregate
2022-07-01,10.598597,17744.0,3.1,51.5,USA,Aggregate
2022-08-01,10.598597,17897.5,3.1,58.2,USA,Aggregate
2022-09-01,10.598597,17987.2,3.1,58.6,USA,Aggregate
2022-10-01,10.78019,18096.2,3.2,59.9,USA,Aggregate
2022-11-01,10.78019,18094.0,3.4,56.7,USA,Aggregate
2022-12-01,10.78019,18134.6,3.7,59.8,USA,Aggregate
2023-01-01,10.635344,18475.2,4.2,64.9,USA,Aggregate
2023-02-01,10.635344,18532.1,4.6,66.9,USA,Aggregate
2023-03-01,10.635344,18511.3,5.3,62.0,USA,Aggregate
2023-04-01,10.675248,18638.7,5.0,63.7,USA,Aggregate
2023-05-01,10.675248,18676.4,5.2,59.0,USA,Aggregate
2023-06-01,10.675248,18742.1,5.0,64.2,USA,Aggregate
2023-07-01,10.866162,18850.5,4.6,71.5,USA,Aggregate
2023-08-01,10.866162,18911.6,4.7,69.4,USA,Aggregate
2023-09-01,10.866162,19024.9,4.4,67.8,USA,Aggregate
2023-10-01,11.230787,19069.5,4.5,63.8,USA,Aggregate
2023-11-01,11.230787,19151.0,4.6,61.3,USA,Aggregate
2023-12-01,11.230787,19289.9,4.4,69.7,USA,Aggregate
2024-01-01,11.160266,19308.5,5.5,79.0,USA,Aggregate
2024-02-01,11.160266,19412.7,5.4,76.9,USA,Aggregate
2024-03-01,11.160266,19553.2,5.2,79.4,USA,Aggregate
2024-04-01,11.159142,19603.3,5.1,77.2,USA,Aggregate
2024-05-01,11.159142,19697.3,4.9,69.1,USA,Aggregate
2024-06-01,11.159142,19747.5,4.8,68.2,USA,Aggregate
2024-07-01,11.313115,19866.3,4.3,66.4,USA,Aggregate
2024-08-01,11.313115,19905.0,4.2,67.9,USA,Aggregate
2024-09-01,11.313115,20044.1,3.8,70.1,USA,Aggregate
2024-10-01,11.284959,20123.2,4.0,70.5,USA,Aggregate
2024-11-01,11.284959,20235.1,3.7,71.8,USA,Aggregate
2024-12-01,11.284959,20408.1,3.3,74.0,USA,Aggregate
2025-01-01,11.284959,20406.7,3.9,71.7,USA,Aggregate
2025-02-01,11.284959,20518.9,4.1,64.7,USA,Aggregate
2025-03-01,11.284959,20653.3,3.9,57.0,USA,Aggregate
